Workbook

Sheet TRANSFERY od 01.2019
A1: L.p. | B1: w / z | C1: Nazwisko i imię | D1: ID | E1: Stan. | F1: Obszar** | G1: CC | H1: Przełożony | I1: Obszar | J1: CC | K1: Przełożony | L1: Data transferu | M1: Data spotkania | N1: Ilość dni | O1: Data wpłynięcia wniosku | P1: Status | Q1: Rodzaj transferu (Stały / Czasowy) | R1: Data powrotu na poprzedni obszar | S1: Powód transferu czasowego | T1: Data ostatniego transferu | U1: Ilość dni | V1: Uzasadnienie transferu stałego | W1: Komentarz | X1: IL. TRANSFERÓW | Y1: ZEW / WEW | Z1: KOM | AA1: CHECK
A2: 1 | B2: W | C2: =VLOOKUP(D2,'lista 1'!$A$2:$F3520,4,0) -> SWAŁTEK BENIAMIN | D2: 402 | E2: =VLOOKUP(D2,'lista 1'!$A$2:$F$1802,5,0) -> AGM | F2: =VLOOKUP(G2,'lista obszary'!A:B,2,0) -> Production Management | G2: G0146 | H2: FIGZAŁ CEZARY | I2: =VLOOKUP(J2,'lista obszary'!A:B,2,0) -> Production Management | J2: G0350 | K2: FIGZAŁ CEZARY | L2: 2019-01-01 | P2: zrealizowany | Q2: STAŁY | U2: =L2-T2 -> 43466 | X2: =VLOOKUP(D2,#REF!,2,0) -> #REF! | Y2: WEW
A3: 2 | B3: Z | C3: =VLOOKUP(D3,'lista 1'!$A$2:$F3521,4,0) -> CICHOWICZ MARIUSZ | D3: 360 | E3: GRL | F3: =VLOOKUP(G3,'lista obszary'!A:B,2,0) -> ENGINES | G3: G613A | H3: MUSIAŁ GRZEGORZ | I3: =VLOOKUP(J3,'lista obszary'!A:B,2,0) -> HV | J3: V1020 | K3: KALINOWSKI GRZEGORZ | L3: 2019-01-01 | P3: zrealizowany | Q3: CZASOWY | U3: =L3-T3 -> 43466 | X3: =VLOOKUP(D3,#REF!,2,0) -> #REF! | Y3: =F3=I3 -> FALSE
A4: 3 | B4: W | C4: =VLOOKUP(D4,'lista 1'!$A$2:$F3522,4,0) -> #N/A | D4: 64215 | E4: =VLOOKUP(D4,'lista 1'!$A$2:$F$1802,5,0) -> #N/A | F4: =VLOOKUP(G4,'lista obszary'!A:B,2,0) -> IL | G4: E112C | H4: GIERCZAK KRZYSZTOF | I4: =VLOOKUP(J4,'lista obszary'!A:B,2,0) -> IL | J4: E31VA | K4: WESOŁEK WIESŁAW | L4: 2019-01-02 | P4: zrealizowany | U4: =L4-T4 -> 43467 | X4: =VLOOKUP(D4,#REF!,2,0) -> #REF! | Y4: WEW
A5: 4 | B5: W | C5: =VLOOKUP(D5,'lista 1'!$A$2:$F3523,4,0) -> SMĘTKOWSKI SŁAWOMIR | D5: 1359 | E5: TM2 | F5: =VLOOKUP(G5,'lista obszary'!A:B,2,0) -> IL | G5: E113A | H5: ZIEMNIAK GRZEGORZ | I5: =VLOOKUP(J5,'lista obszary'!A:B,2,0) -> IL | J5: E112A | K5: ZIEMNIAK GRZEGORZ | L5: 2019-01-02 | P5: zrealizowany | U5: =L5-T5 -> 43467 | X5: =VLOOKUP(D5,#REF!,2,0) -> #REF! | Y5: =F5=I5 -> TRUE
A6: 5 | B6: W | C6: =VLOOKUP(D6,'lista 1'!$A$2:$F3524,4,0) -> #N/A | D6: 64333 | E6: TCZ | F6: =VLOOKUP(G6,'lista obszary'!A:B,2,0) -> IL | G6: E31VA | H6: WESOŁEK WIESŁAW | I6: =VLOOKUP(J6,'lista obszary'!A:B,2,0) -> IL | J6: E113C | K6: GIERCZAK KRZYSZTOF | L6: 2019-01-02 | P6: zrealizowany | U6: =L6-T6 -> 43467 | X6: =VLOOKUP(D6,#REF!,2,0) -> #REF! | Y6: WEW
A7: 6 | B7: W | C7: =VLOOKUP(D7,'lista 1'!$A$2:$F3525,4,0) -> JAGODZIŃSKI KAZIMIERZ | D7: 11 | E7: =VLOOKUP(D7,'lista 1'!$A$2:$F$1802,5,0) -> GM | F7: =VLOOKUP(G7,'lista obszary'!A:B,2,0) -> Production Management | G7: G0350 | H7: HIGAKI SHUJI | I7: =VLOOKUP(J7,'lista obszary'!A:B,2,0) -> Production Management | J7: G0001 | K7: USAMI SHINJI | L7: 2019-01-02 | P7: zrealizowany | U7: =L7-T7 -> 43467 | X7: =VLOOKUP(D7,#REF!,2,0) -> #REF! | Y7: WEW
A8: 7 | B8: W | C8: =VLOOKUP(D8,'lista 1'!$A$2:$F3526,4,0) -> #N/A | D8: 64328 | E8: =VLOOKUP(D8,'lista 1'!$A$2:$F$1802,5,0) -> #N/A | F8: =VLOOKUP(G8,'lista obszary'!A:B,2,0) -> FORGING | G8: G302B | H8: KOŁOWIECKI SŁAWOMIR | I8: =VLOOKUP(J8,'lista obszary'!A:B,2,0) -> FORGING | J8: G303B | K8: RYCZEK SEBASTIAN | L8: 2019-01-02 | P8: zrealizowany | U8: =L8-T8 -> 43467 | X8: =VLOOKUP(D8,#REF!,2,0) -> #REF! | Y8: WEW
A9: 8 | B9: Z | C9: =VLOOKUP(D9,'lista 1'!$A$2:$F3527,4,0) -> ANTONIEWICZ ANNA | D9: 2111 | E9: =VLOOKUP(D9,'lista 1'!$A$2:$F$1802,5,0) -> TM | F9: =VLOOKUP(G9,'lista obszary'!A:B,2,0) -> MTB0 | G9: G401A | H9: PEREK KRZYSZTOF | I9: =VLOOKUP(J9,'lista obszary'!A:B,2,0) -> HV | J9: V1020 | K9: MAŁECKI KRZYSZTOF | L9: 2019-01-02 | P9: zrealizowany | U9: =L9-T9 -> 43467 | X9: =VLOOKUP(D9,#REF!,2,0) -> #REF! | Y9: =F9=I9 -> FALSE
A10: 9 | B10: Z | C10: =VLOOKUP(D10,'lista 1'!$A$2:$F3528,4,0) -> SUSZEK MIROSŁAW | D10: 252 | E10: TL | F10: =VLOOKUP(G10,'lista obszary'!A:B,2,0) -> MTB0 | G10: G401A | H10: CZYŻOWSKI MARIUSZ | I10: =VLOOKUP(J10,'lista obszary'!A:B,2,0) -> DOJO/QCC/KAIZEN | J10: S0001 | K10: KAŁUŻYŃSKI MIROSŁAW | L10: 2019-01-02 | P10: zrealizowany | U10: =L10-T10 -> 43467 | X10: =VLOOKUP(D10,#REF!,2,0) -> #REF! | Y10: ZEW PRZED 01.07
A11: 10 | B11: Z | C11: =VLOOKUP(D11,'lista 1'!$A$2:$F3529,4,0) -> OLEŚ MAŁGORZATA | D11: 2308 | E11: TM | F11: =VLOOKUP(G11,'lista obszary'!A:B,2,0) -> MTB0 | G11: G405B | H11: CZUCZUK PIOTR | I11: =VLOOKUP(J11,'lista obszary'!A:B,2,0) -> HV | J11: V102B | K11: KUBAL PIOTR | L11: 2019-01-02 | P11: zrealizowany | U11: =L11-T11 -> 43467 | X11: =VLOOKUP(D11,#REF!,2,0) -> #REF! | Y11: =F11=I11 -> FALSE
A12: 11 | B12: W | C12: =VLOOKUP(D12,'lista 1'!$A$2:$F3530,4,0) -> BĘDZIŃSKI MARIUSZ | D12: 2196 | E12: TM | F12: =VLOOKUP(G12,'lista obszary'!A:B,2,0) -> CASTING | G12: G501A | H12: ŚLUCZKA TYMOTEUSZ | I12: =VLOOKUP(J12,'lista obszary'!A:B,2,0) -> CASTING | J12: G501B | K12: PIOTROWSKI WOJCIECH | L12: 2019-01-02 | P12: zrealizowany | U12: =L12-T12 -> 43467 | X12: =VLOOKUP(D12,#REF!,2,0) -> #REF! | Y12: =F12=I12 -> TRUE
A13: 12 | B13: W | C13: =VLOOKUP(D13,'lista 1'!$A$2:$F3531,4,0) -> HURKOT PIOTR | D13: 1302 | E13: =VLOOKUP(D13,'lista 1'!$A$2:$F$1802,5,0) -> TM2 | F13: =VLOOKUP(G13,'lista obszary'!A:B,2,0) -> CASTING | G13: G501A | H13: ŚLUCZKA TYMOTEUSZ | I13: =VLOOKUP(J13,'lista obszary'!A:B,2,0) -> CASTING | J13: G501B | K13: PIOTROWSKI WOJCIECH | L13: 2019-01-02 | P13: zrealizowany | U13: =L13-T13 -> 43467 | X13: =VLOOKUP(D13,#REF!,2,0) -> #REF! | Y13: =F13=I13 -> TRUE
A14: 13 | B14: W | C14: =VLOOKUP(D14,'lista 1'!$A$2:$F3532,4,0) -> KAŁENDEK DAMIAN | D14: 2150 | E14: TM2 | F14: =VLOOKUP(G14,'lista obszary'!A:B,2,0) -> CASTING | G14: G501A | H14: ŚLUCZKA TYMOTEUSZ | I14: =VLOOKUP(J14,'lista obszary'!A:B,2,0) -> CASTING | J14: G501B | K14: PIOTROWSKI WOJCIECH | L14: 2019-01-02 | P14: zrealizowany | U14: =L14-T14 -> 43467 | X14: =VLOOKUP(D14,#REF!,2,0) -> #REF! | Y14: ZEWNĘTRZNY PO 01.07
A15: 14 | B15: W | C15: =VLOOKUP(D15,'lista 1'!$A$2:$F3533,4,0) -> KOWALCZYK TOMASZ | D15: 1401 | E15: TM2 | F15: =VLOOKUP(G15,'lista obszary'!A:B,2,0) -> CASTING | G15: G501A | H15: ŚLUCZKA TYMOTEUSZ | I15: =VLOOKUP(J15,'lista obszary'!A:B,2,0) -> CASTING | J15: G501B | K15: PIOTROWSKI WOJCIECH | L15: 2019-01-02 | P15: zrealizowany | U15: =L15-T15 -> 43467 | X15: =VLOOKUP(D15,#REF!,2,0) -> #REF! | Y15: WEW
A16: 15 | B16: W | C16: =VLOOKUP(D16,'lista 1'!$A$2:$F3534,4,0) -> KRYCH RAFAŁ | D16: 1317 | E16: TM2 | F16: =VLOOKUP(G16,'lista obszary'!A:B,2,0) -> CASTING | G16: G501A | H16: ŚLUCZKA TYMOTEUSZ | I16: =VLOOKUP(J16,'lista obszary'!A:B,2,0) -> CASTING | J16: G501B | K16: PIOTROWSKI WOJCIECH | L16: 2019-01-02 | P16: zrealizowany | U16: =L16-T16 -> 43467 | X16: =VLOOKUP(D16,#REF!,2,0) -> #REF! | Y16: =F16=I16 -> TRUE
A17: 16 | B17: W | C17: =VLOOKUP(D17,'lista 1'!$A$2:$F3535,4,0) -> #N/A | D17: 64222 | E17: =VLOOKUP(D17,'lista 1'!$A$2:$F$1802,5,0) -> #N/A | F17: =VLOOKUP(G17,'lista obszary'!A:B,2,0) -> CASTING | G17: G501A | H17: ŚLUCZKA TYMOTEUSZ | I17: =VLOOKUP(J17,'lista obszary'!A:B,2,0) -> CASTING | J17: G501B | K17: PIOTROWSKI WOJCIECH | L17: 2019-01-02 | P17: zrealizowany | U17: =L17-T17 -> 43467 | X17: =VLOOKUP(D17,#REF!,2,0) -> #REF! | Y17: WEW
A18: 17 | B18: W | C18: =VLOOKUP(D18,'lista 1'!$A$2:$F3536,4,0) -> BUDZYŃSKI JACEK | D18: 155 | E18: TL2 | F18: =VLOOKUP(G18,'lista obszary'!A:B,2,0) -> CASTING | G18: G5020 | H18: BALON PIOTR | I18: =VLOOKUP(J18,'lista obszary'!A:B,2,0) -> CASTING | J18: G501A | K18: ŚLUCZKA TYMOTEUSZ | L18: 2019-01-02 | P18: zrealizowany | U18: =L18-T18 -> 43467 | X18: =VLOOKUP(D18,#REF!,2,0) -> #REF! | Y18: WEW
A19: 18 | B19: W | C19: =VLOOKUP(D19,'lista 1'!$A$2:$F3537,4,0) -> #N/A | D19: 64359 | E19: TCZ | F19: =VLOOKUP(G19,'lista obszary'!A:B,2,0) -> CASTING | G19: G5020 | H19: BALON PIOTR | I19: =VLOOKUP(J19,'lista obszary'!A:B,2,0) -> CASTING | J19: G501A | K19: ŚLUCZKA TYMOTEUSZ | L19: 2019-01-02 | P19: zrealizowany | U19: =L19-T19 -> 43467 | X19: =VLOOKUP(D19,#REF!,2,0) -> #REF! | Y19: =F19=I19 -> TRUE
A20: 19 | B20: W | C20: =VLOOKUP(D20,'lista 1'!$A$2:$F3538,4,0) -> #N/A | D20: 70433 | E20: TCZ | F20: =VLOOKUP(G20,'lista obszary'!A:B,2,0) -> CASTING | G20: G5020 | H20: BALON PIOTR | I20: =VLOOKUP(J20,'lista obszary'!A:B,2,0) -> CASTING | J20: G501B | K20: PIOTROWSKI WOJCIECH | L20: 2019-01-02 | P20: zrealizowany | U20: =L20-T20 -> 43467 | X20: =VLOOKUP(D20,#REF!,2,0) -> #REF! | Y20: =F20=I20 -> TRUE
A21: 20 | B21: Z | C21: =VLOOKUP(D21,'lista 1'!$A$2:$F3539,4,0) -> KRYSTKOWIAK GRZEGORZ | D21: 706 | E21: TM | F21: =VLOOKUP(G21,'lista obszary'!A:B,2,0) -> ENGINES | G21: G611B | H21: DĄBROWSKI JAROSŁAW | I21: =VLOOKUP(J21,'lista obszary'!A:B,2,0) -> HV | J21: V1020 | K21: LUBORAK SŁAWOMIR | L21: 2019-01-02 | P21: zrealizowany | U21: =L21-T21 -> 43467 | X21: =VLOOKUP(D21,#REF!,2,0) -> #REF! | Y21: ZEWNĘTRZNY PO 01.07
A22: 21 | B22: Z | C22: =VLOOKUP(D22,'lista 1'!$A$2:$F3540,4,0) -> TAJS GRZEGORZ | D22: 2141 | E22: TM2 | F22: =VLOOKUP(G22,'lista obszary'!A:B,2,0) -> ENGINES | G22: G612A | H22: SAWUŁA KAMIL | I22: =VLOOKUP(J22,'lista obszary'!A:B,2,0) -> HV | J22: V1020 | K22: FOLKMAN SEBASTIAN | L22: 2019-01-02 | P22: zrealizowany | U22: =L22-T22 -> 43467 | X22: =VLOOKUP(D22,#REF!,2,0) -> #REF! | Y22: =F22=I22 -> FALSE
A23: 22 | B23: Z | C23: =VLOOKUP(D23,'lista 1'!$A$2:$F3541,4,0) -> MASKO PAWEŁ | D23: 216 | E23: TL2 | F23: =VLOOKUP(G23,'lista obszary'!A:B,2,0) -> ENGINES | G23: G615B | H23: BADIURA KRZYSZTOF | I23: =VLOOKUP(J23,'lista obszary'!A:B,2,0) -> BENKYOKAI | J23: T0002 | K23: DEPTALSKI JAROSŁAW | L23: 2019-01-02 | P23: BADANIA | U23: =L23-T23 -> 43467 | X23: =VLOOKUP(D23,#REF!,2,0) -> #REF! | Y23: =F23=I23 -> FALSE
A24: 23 | B24: W | C24: =VLOOKUP(D24,'lista 1'!$A$2:$F3542,4,0) -> PICEK KRZYSZTOF | D24: 960 | E24: ASM | F24: =VLOOKUP(G24,'lista obszary'!A:B,2,0) -> MNX OFFICE | G24: G7000 | H24: NAWROCKI WITOLD | I24: =VLOOKUP(J24,'lista obszary'!A:B,2,0) -> MNX | J24: G7100 | K24: KOWALSKI TOMASZ | L24: 2019-01-02 | P24: zrealizowany | U24: =L24-T24 -> 43467 | X24: =VLOOKUP(D24,#REF!,2,0) -> #REF! | Y24: ZEW PRZED 01.07
A25: 24 | B25: Z | C25: =VLOOKUP(D25,'lista 1'!$A$2:$F3543,4,0) -> SZCZĘSNY GRZEGORZ | D25: 639 | E25: TM2 | F25: =VLOOKUP(G25,'lista obszary'!A:B,2,0) -> MNX MW | G25: G718A | H25: KOPEĆ | I25: =VLOOKUP(J25,'lista obszary'!A:B,2,0) -> EC60 | J25: G803A | K25: TOKARSKI ARTUR | L25: 2019-01-02 | P25: zrealizowany | U25: =L25-T25 -> 43467 | X25: =VLOOKUP(D25,#REF!,2,0) -> #REF! | Y25: ZEW PRZED 01.07
A26: 25 | B26: W | C26: =VLOOKUP(D26,'lista 1'!$A$2:$F3544,4,0) -> MEROŃ STEFAN | D26: 367 | E26: TM MNX2 | F26: =VLOOKUP(G26,'lista obszary'!A:B,2,0) -> MNX | G26: G7944 | H26: ZĘBEK ANDRZEJ | I26: =VLOOKUP(J26,'lista obszary'!A:B,2,0) -> MNX WN | J26: G7715 | K26: ZĘBEK ANDRZEJ | L26: 2019-01-02 | P26: zrealizowany | U26: =L26-T26 -> 43467 | X26: =VLOOKUP(D26,#REF!,2,0) -> #REF! | Y26: WEW
A27: 26 | B27: W | C27: =VLOOKUP(D27,'lista 1'!$A$2:$F3545,4,0) -> OSIŃSKI TOMASZ | D27: 887 | E27: TL MNX | F27: =VLOOKUP(G27,'lista obszary'!A:B,2,0) -> MNX | G27: G7944 | H27: ZĘBEK ANDRZEJ | I27: =VLOOKUP(J27,'lista obszary'!A:B,2,0) -> MNX WN | J27: G7715 | K27: ZĘBEK ANDRZEJ | L27: 2019-01-02 | P27: zrealizowany | U27: =L27-T27 -> 43467 | X27: =VLOOKUP(D27,#REF!,2,0) -> #REF! | Y27: WEW
A28: 27 | B28: W | C28: =VLOOKUP(D28,'lista 1'!$A$2:$F3546,4,0) -> PASTERNAK MARIUSZ | D28: 234 | E28: GRL MNX2 | F28: =VLOOKUP(G28,'lista obszary'!A:B,2,0) -> MNX | G28: G7944 | H28: ZĘBEK ANDRZEJ | I28: =VLOOKUP(J28,'lista obszary'!A:B,2,0) -> MNX WN | J28: G7715 | K28: ZĘBEK ANDRZEJ | L28: 2019-01-02 | P28: zrealizowany | U28: =L28-T28 -> 43467 | X28: =VLOOKUP(D28,#REF!,2,0) -> #REF! | Y28: WEW
A29: 28 | B29: W | C29: =VLOOKUP(D29,'lista 1'!$A$2:$F3547,4,0) -> #N/A | D29: 2125 | E29: TM MNX2 | F29: =VLOOKUP(G29,'lista obszary'!A:B,2,0) -> MNX | G29: G7944 | H29: ZĘBEK ANDRZEJ | I29: =VLOOKUP(J29,'lista obszary'!A:B,2,0) -> MNX WN | J29: G7715 | K29: ZĘBEK ANDRZEJ | L29: 2019-01-02 | P29: zrealizowany | U29: =L29-T29 -> 43467 | X29: =VLOOKUP(D29,#REF!,2,0) -> #REF! | Y29: WEW
A30: 29 | B30: Z | C30: =VLOOKUP(D30,'lista 1'!$A$2:$F3548,4,0) -> MIKA PIOTR | D30: 921 | E30: TL2 | F30: =VLOOKUP(G30,'lista obszary'!A:B,2,0) -> EC60 | G30: G801A | H30: KLECHA PRZEMYSŁAW | I30: =VLOOKUP(J30,'lista obszary'!A:B,2,0) -> HV PJT | J30: V201A | K30: CHRZANOWSKI JAROSŁAW | L30: 2019-01-02 | P30: zrealizowany | U30: =L30-T30 -> 43467 | X30: =VLOOKUP(D30,#REF!,2,0) -> #REF! | Y30: ZEW PRZED 01.07
A31: 30 | B31: W | C31: =VLOOKUP(D31,'lista 1'!$A$2:$F3549,4,0) -> TOKARSKI ARTUR | D31: 180 | E31: GRL | F31: =VLOOKUP(G31,'lista obszary'!A:B,2,0) -> EC60 | G31: G803A | H31: KOMORNICZAK MACIEJ | I31: =VLOOKUP(J31,'lista obszary'!A:B,2,0) -> EC60 | J31: G804A | K31: KOMORNICZAK MACIEJ | L31: 2019-01-02 | P31: zrealizowany | U31: =L31-T31 -> 43467 | X31: =VLOOKUP(D31,#REF!,2,0) -> #REF! | Y31: WEW
A32: 31 | B32: Z | C32: =VLOOKUP(D32,'lista 1'!$A$2:$F3550,4,0) -> CHRZANOWSKI JAROSŁAW | D32: 92 | E32: GRL | F32: =VLOOKUP(G32,'lista obszary'!A:B,2,0) -> EC60 | G32: G804A | H32: KOMORNICZAK MACIEJ | I32: =VLOOKUP(J32,'lista obszary'!A:B,2,0) -> HV PJT | J32: V201A | K32: WOJTAL MATEUSZ | L32: 2019-01-02 | P32: zrealizowany | U32: =L32-T32 -> 43467 | X32: =VLOOKUP(D32,#REF!,2,0) -> #REF! | Y32: ZEW PRZED 01.07
A33: 32 | B33: Z | C33: =VLOOKUP(D33,'lista 1'!$A$2:$F3551,4,0) -> KOTOWSKI KACPER | D33: 3009 | E33: JTM MNX | F33: =VLOOKUP(G33,'lista obszary'!A:B,2,0) -> EC60 | G33: G804A | H33: CHRZANOWSKI JAROSŁAW | I33: =VLOOKUP(J33,'lista obszary'!A:B,2,0) -> MNX WN | J33: G711C | K33: FIGIEL ROBERT | L33: 2019-01-02 | P33: zrealizowany | U33: =L33-T33 -> 43467 | X33: =VLOOKUP(D33,#REF!,2,0) -> #REF! | Y33: ZEW PRZED 01.07
A34: 33 | B34: Z | C34: =VLOOKUP(D34,'lista 1'!$A$2:$F3552,4,0) -> SZUPER TOMASZ | D34: 38 | E34: =VLOOKUP(D34,'lista 1'!$A$2:$F$1802,5,0) -> GRL2 | F34: =VLOOKUP(G34,'lista obszary'!A:B,2,0) -> EC60 | G34: G804A | H34: KOMORNICZAK MACIEJ | I34: =VLOOKUP(J34,'lista obszary'!A:B,2,0) -> HV PJT | J34: V203A | K34: WOJTAL MATEUSZ | L34: 2019-01-02 | P34: zrealizowany | U34: =L34-T34 -> 43467 | X34: =VLOOKUP(D34,#REF!,2,0) -> #REF! | Y34: ZEW PRZED 01.07
A35: 34 | B35: Z | C35: =VLOOKUP(D35,'lista 1'!$A$2:$F3553,4,0) -> SZYMKÓW PRZEMYSŁAW | D35: 33 | E35: GRL2 | F35: =VLOOKUP(G35,'lista obszary'!A:B,2,0) -> EC60 | G35: G8PRO | H35: SZKARADEK GRZEGORZ | I35: =VLOOKUP(J35,'lista obszary'!A:B,2,0) -> HV | J35: V1020 | K35: KALINOWSKI GRZEGORZ | L35: 2019-01-02 | P35: zrealizowany | U35: =L35-T35 -> 43467 | X35: =VLOOKUP(D35,#REF!,2,0) -> #REF! | Y35: WEW
A36: 35 | B36: W | C36: =VLOOKUP(D36,'lista 1'!$A$2:$F3554,4,0) -> ZĘBEK ANDRZEJ | D36: 1748 | E36: ASM | F36: =VLOOKUP(G36,'lista obszary'!A:B,2,0) -> ENGINEERING | G36: H2000 | H36: NAWROCKI WITOLD | I36: =VLOOKUP(J36,'lista obszary'!A:B,2,0) -> MNX OFFICE | J36: G7000 | K36: NAWROCKI WITOLD | L36: 2019-01-02 | P36: zrealizowany | U36: =L36-T36 -> 43467 | X36: =VLOOKUP(D36,#REF!,2,0) -> #REF! | Y36: ZEW PRZED 01.07
A37: 36 | B37: W | C37: =VLOOKUP(D37,'lista 1'!$A$2:$F3555,4,0) -> KOCUREK ŁUKASZ | D37: 2856 | E37: ENG | F37: =VLOOKUP(G37,'lista obszary'!A:B,2,0) -> ENGINEERING | G37: H2400 | H37: ZĘBEK ANDRZEJ | I37: =VLOOKUP(J37,'lista obszary'!A:B,2,0) -> ENGINEERING | J37: H2800 | K37: FIGIELA ROBERT | L37: 2019-01-02 | P37: zrealizowany | U37: =L37-T37 -> 43467 | X37: =VLOOKUP(D37,#REF!,2,0) -> #REF! | Y37: WEW
A38: 37 | B38: W | C38: =VLOOKUP(D38,'lista 1'!$A$2:$F3556,4,0) -> TATAREK TOMASZ | D38: 2857 | E38: ENG | F38: =VLOOKUP(G38,'lista obszary'!A:B,2,0) -> ENGINEERING | G38: H2600 | H38: ZĘBEK ANDRZEJ | I38: =VLOOKUP(J38,'lista obszary'!A:B,2,0) -> ENGINEERING | J38: H2600 | K38: PICEK KRZYSZTOF | L38: 2019-01-02 | P38: zrealizowany | U38: =L38-T38 -> 43467 | X38: =VLOOKUP(D38,#REF!,2,0) -> #REF! | Y38: WEW
A39: 38 | B39: W | C39: =VLOOKUP(D39,'lista 1'!$A$2:$F3557,4,0) -> NYKIEL ARTUR | D39: 581 | E39: ENG | F39: =VLOOKUP(G39,'lista obszary'!A:B,2,0) -> ENGINEERING | G39: H2800 | H39: ZĘBEK ANDRZEJ | I39: =VLOOKUP(J39,'lista obszary'!A:B,2,0) -> ENGINEERING | J39: H2400 | K39: FIGIELA ROBERT | L39: 2019-01-02 | P39: zrealizowany | U39: =L39-T39 -> 43467 | X39: =VLOOKUP(D39,#REF!,2,0) -> #REF! | Y39: WEW
A40: 39 | B40: Z | C40: =VLOOKUP(D40,'lista 1'!$A$2:$F3558,4,0) -> GŁÓD ARTUR | D40: 96 | E40: =VLOOKUP(D40,'lista 1'!$A$2:$F$1802,5,0) -> GRL | F40: =VLOOKUP(G40,'lista obszary'!A:B,2,0) -> DOJO/QCC/KAIZEN | G40: S0001 | H40: BYRA ZBIGNIEW | I40: =VLOOKUP(J40,'lista obszary'!A:B,2,0) -> HV PJT | J40: V202A | K40: WOJTAL MATEUSZ | L40: 2019-01-02 | P40: zrealizowany | U40: =L40-T40 -> 43467 | X40: =VLOOKUP(D40,#REF!,2,0) -> #REF! | Y40: ZEW PRZED 01.07
A41: 40 | B41: W | C41: =VLOOKUP(D41,'lista 1'!$A$2:$F3559,4,0) -> BORUŃ MARCIN | D41: 867 | E41: =VLOOKUP(D41,'lista 1'!$A$2:$F$1802,5,0) -> TL2 | F41: =VLOOKUP(G41,'lista obszary'!A:B,2,0) -> MTB0 | G41: G401A | H41: PEREK KRZYSZTOF | I41: =VLOOKUP(J41,'lista obszary'!A:B,2,0) -> MTB0 | J41: G401B | K41: CZYŻOWSKI MARIUSZ | L41: 2019-01-07 | P41: zrealizowany | U41: =L41-T41 -> 43472 | X41: =VLOOKUP(D41,#REF!,2,0) -> #REF! | Y41: =F41=I41 -> TRUE
A42: 41 | B42: Z | C42: =VLOOKUP(D42,'lista 1'!$A$2:$F3560,4,0) -> MASKO PAWEŁ | D42: 216 | E42: =VLOOKUP(D42,'lista 1'!$A$2:$F$1802,5,0) -> TL2 | F42: =VLOOKUP(G42,'lista obszary'!A:B,2,0) -> ENGINES | G42: G615B | H42: BADIURA KRZYSZTOF | I42: =VLOOKUP(J42,'lista obszary'!A:B,2,0) -> BENKYOKAI | J42: T0002 | K42: DEPTALSKI JAROSŁAW | L42: 2019-01-07 | P42: zrealizowany | U42: =L42-T42 -> 43472 | X42: =VLOOKUP(D42,#REF!,2,0) -> #REF! | Y42: =F42=I42 -> FALSE
A43: 42 | B43: W | C43: =VLOOKUP(D43,'lista 1'!$A$2:$F3561,4,0) -> #N/A | D43: 64355 | E43: =VLOOKUP(D43,'lista 1'!$A$2:$F$1802,5,0) -> #N/A | F43: =VLOOKUP(G43,'lista obszary'!A:B,2,0) -> ENGINES | G43: G615B | H43: BADIURA KRZYSZTOF | I43: =VLOOKUP(J43,'lista obszary'!A:B,2,0) -> ENGINES | J43: G612B | K43: ŻAŁKO GRZEGORZ | L43: 2019-01-08 | P43: zrealizowany | U43: =L43-T43 -> 43473 | X43: =VLOOKUP(D43,#REF!,2,0) -> #REF! | Y43: WEW
A44: 43 | B44: W | C44: =VLOOKUP(D44,'lista 1'!$A$2:$F3562,4,0) -> WYRWAŁ EWA | D44: 1413 | E44: TM2 | F44: =VLOOKUP(G44,'lista obszary'!A:B,2,0) -> EC60 | G44: G801A | H44: KLECHA PRZEMYSŁAW | I44: =VLOOKUP(J44,'lista obszary'!A:B,2,0) -> EC60 | J44: G804A | K44: TOKARSKI ARTUR | L44: 2019-01-10 | P44: BADANIA | U44: =L44-T44 -> 43475 | X44: =VLOOKUP(D44,#REF!,2,0) -> #REF! | Y44: WEW
A45: 44 | B45: W | C45: =VLOOKUP(D45,'lista 1'!$A$2:$F3563,4,0) -> #N/A | D45: 64353 | E45: =VLOOKUP(D45,'lista 1'!$A$2:$F$1802,5,0) -> #N/A | F45: =VLOOKUP(G45,'lista obszary'!A:B,2,0) -> IL | G45: E1020 | H45: WESOŁEK WIESŁAW | I45: =VLOOKUP(J45,'lista obszary'!A:B,2,0) -> HV | J45: V1020 | K45: LUBORAK SŁAWOMIR | L45: 2019-01-14 | P45: zrealizowany | U45: =L45-T45 -> 43479 | X45: =VLOOKUP(D45,#REF!,2,0) -> #REF! | Y45: =F45=I45 -> FALSE
A46: 45 | B46: Z | C46: =VLOOKUP(D46,'lista 1'!$A$2:$F3564,4,0) -> #N/A | D46: 64354 | E46: =VLOOKUP(D46,'lista 1'!$A$2:$F$1802,5,0) -> #N/A | F46: =VLOOKUP(G46,'lista obszary'!A:B,2,0) -> IL | G46: E1020 | H46: WESOŁEK WIESŁAW | I46: =VLOOKUP(J46,'lista obszary'!A:B,2,0) -> HV | J46: V1020 | K46: FOLKMAN SEBASTIAN | L46: 2019-01-14 | P46: zrealizowany | U46: =L46-T46 -> 43479 | X46: =VLOOKUP(D46,#REF!,2,0) -> #REF! | Y46: N/A
A47: 46 | B47: W | C47: =VLOOKUP(D47,'lista 1'!$A$2:$F3565,4,0) -> ZIEMNIAK GRZEGORZ | D47: 318 | E47: =VLOOKUP(D47,'lista 1'!$A$2:$F$1802,5,0) -> GRL2 | F47: =VLOOKUP(G47,'lista obszary'!A:B,2,0) -> IL | G47: E112A | H47: WROŃSKI ADAM | I47: =VLOOKUP(J47,'lista obszary'!A:B,2,0) -> IL | J47: E3SVA | K47: WROŃSKI ADAM | L47: 2019-01-14 | P47: zrealizowany | U47: =L47-T47 -> 43479 | X47: =VLOOKUP(D47,#REF!,2,0) -> #REF! | Y47: WEW
A48: 47 | B48: W | C48: =VLOOKUP(D48,'lista 1'!$A$2:$F3566,4,0) -> STACHUŁA JAROSŁAW | D48: 520 | E48: =VLOOKUP(D48,'lista 1'!$A$2:$F$1802,5,0) -> TL | F48: =VLOOKUP(G48,'lista obszary'!A:B,2,0) -> IL | G48: E113A | H48: ZIEMNIAK GRZEGORZ | I48: =VLOOKUP(J48,'lista obszary'!A:B,2,0) -> IL | J48: E316B | K48: SALAMON MAREK | L48: 2019-01-14 | P48: zrealizowany | U48: =L48-T48 -> 43479 | X48: =VLOOKUP(D48,#REF!,2,0) -> #REF! | Y48: WEW
A49: 48 | B49: W | C49: =VLOOKUP(D49,'lista 1'!$A$2:$F3567,4,0) -> PRZYBYLSKI ARTUR | D49: 196 | E49: =VLOOKUP(D49,'lista 1'!$A$2:$F$1802,5,0) -> TL | F49: =VLOOKUP(G49,'lista obszary'!A:B,2,0) -> IL | G49: E113C | H49: GIERCZAK KRZYSZTOF | I49: =VLOOKUP(J49,'lista obszary'!A:B,2,0) -> IL | J49: E113A | K49: WROŃSKI ANDRZEJ | L49: 2019-01-14 | P49: zrealizowany | U49: =L49-T49 -> 43479 | X49: =VLOOKUP(D49,#REF!,2,0) -> #REF! | Y49: WEW
A50: 49 | B50: W | C50: =VLOOKUP(D50,'lista 1'!$A$2:$F3568,4,0) -> SKOWROŃSKI PIOTR | D50: 1780 | E50: =VLOOKUP(D50,'lista 1'!$A$2:$F$1802,5,0) -> AC GRL | F50: =VLOOKUP(G50,'lista obszary'!A:B,2,0) -> IL | G50: E314A | H50: ZDEB MARCIN | I50: =VLOOKUP(J50,'lista obszary'!A:B,2,0) -> IL | J50: E3SVA | K50: WEISS DARIUSZ | L50: 2019-01-14 | P50: zrealizowany | U50: =L50-T50 -> 43479 | X50: =VLOOKUP(D50,#REF!,2,0) -> #REF! | Y50: WEW
A51: 50 | B51: W | C51: =VLOOKUP(D51,'lista 1'!$A$2:$F3569,4,0) -> UMER KRZYSZTOF | D51: 515 | E51: =VLOOKUP(D51,'lista 1'!$A$2:$F$1802,5,0) -> AC GRL | F51: =VLOOKUP(G51,'lista obszary'!A:B,2,0) -> IL | G51: E316B | H51: SALAMON MAREK | I51: =VLOOKUP(J51,'lista obszary'!A:B,2,0) -> IL | J51: E314A | K51: HORBACZ KRZYSZTOF | L51: 2019-01-14 | P51: zrealizowany | U51: =L51-T51 -> 43479 | X51: =VLOOKUP(D51,#REF!,2,0) -> #REF! | Y51: WEW
A52: 51 | B52: W | C52: =VLOOKUP(D52,'lista 1'!$A$2:$F3570,4,0) -> WROŃSKI ANDRZEJ | D52: 35 | E52: =VLOOKUP(D52,'lista 1'!$A$2:$F$1802,5,0) -> GRL2 | F52: =VLOOKUP(G52,'lista obszary'!A:B,2,0) -> IL | G52: E318A | H52: HORBACZ KRZYSZTOF | I52: =VLOOKUP(J52,'lista obszary'!A:B,2,0) -> IL | J52: E113A | K52: WESOŁEK WIESŁAW | L52: 2019-01-14 | P52: zrealizowany | U52: =L52-T52 -> 43479 | X52: =VLOOKUP(D52,#REF!,2,0) -> #REF! | Y52: WEW
A53: 52 | B53: W | C53: =VLOOKUP(D53,'lista 1'!$A$2:$F3571,4,0) -> ZDEB MARCIN | D53: 224 | E53: =VLOOKUP(D53,'lista 1'!$A$2:$F$1802,5,0) -> GRL | F53: =VLOOKUP(G53,'lista obszary'!A:B,2,0) -> IL | G53: E318A | H53: HORBACZ KRZYSZTOF | I53: =VLOOKUP(J53,'lista obszary'!A:B,2,0) -> IL | J53: E31VB | K53: HORBACZ KRZYSZTOF | L53: 2019-01-14 | P53: zrealizowany | U53: =L53-T53 -> 43479 | X53: =VLOOKUP(D53,#REF!,2,0) -> #REF! | Y53: WEW
A54: 53 | B54: W | C54: =VLOOKUP(D54,'lista 1'!$A$2:$F3572,4,0) -> BIAŁEK MARCIN | D54: 1276 | E54: =VLOOKUP(D54,'lista 1'!$A$2:$F$1802,5,0) -> TL | F54: =VLOOKUP(G54,'lista obszary'!A:B,2,0) -> IL | G54: E31VA | H54: WESOŁEK WIESŁAW | I54: =VLOOKUP(J54,'lista obszary'!A:B,2,0) -> IL | J54: E3944 | K54: PACYNA PRZEMYSŁAW | L54: 2019-01-14 | P54: zrealizowany | U54: =L54-T54 -> 43479 | X54: =VLOOKUP(D54,#REF!,2,0) -> #REF! | Y54: WEW
A55: 54 | B55: W | C55: =VLOOKUP(D55,'lista 1'!$A$2:$F3573,4,0) -> KOŁODZIEJ ANDRZEJ | D55: 1538 | E55: =VLOOKUP(D55,'lista 1'!$A$2:$F$1802,5,0) -> TL | F55: =VLOOKUP(G55,'lista obszary'!A:B,2,0) -> IL | G55: E31VA | H55: WEISS DARIUSZ | I55: =VLOOKUP(J55,'lista obszary'!A:B,2,0) -> IL | J55: E3CAM | K55: PACYNA PRZEMYSŁAW | L55: 2019-01-14 | P55: zrealizowany | U55: =L55-T55 -> 43479 | X55: =VLOOKUP(D55,#REF!,2,0) -> #REF! | Y55: WEW
A56: 55 | B56: W | C56: =VLOOKUP(D56,'lista 1'!$A$2:$F3574,4,0) -> PACOŃ ROBERT | D56: 1666 | E56: =VLOOKUP(D56,'lista 1'!$A$2:$F$1802,5,0) -> TL | F56: =VLOOKUP(G56,'lista obszary'!A:B,2,0) -> IL | G56: E31VA | H56: GIERCZAK KRZYSZTOF | I56: =VLOOKUP(J56,'lista obszary'!A:B,2,0) -> IL | J56: E3SVA | K56: ZIEMNIAK GRZEGORZ | L56: 2019-01-14 | P56: zrealizowany | U56: =L56-T56 -> 43479 | X56: =VLOOKUP(D56,#REF!,2,0) -> #REF! | Y56: WEW
A57: 56 | B57: W | C57: =VLOOKUP(D57,'lista 1'!$A$2:$F3575,4,0) -> PACYNA PRZEMYSŁAW | D57: 339 | E57: =VLOOKUP(D57,'lista 1'!$A$2:$F$1802,5,0) -> GRL2 | F57: =VLOOKUP(G57,'lista obszary'!A:B,2,0) -> IL | G57: E31VA | H57: WROŃSKI ADAM | I57: =VLOOKUP(J57,'lista obszary'!A:B,2,0) -> IL | J57: E3CAM | K57: WROŃSKI ADAM | L57: 2019-01-14 | P57: zrealizowany | U57: =L57-T57 -> 43479 | X57: =VLOOKUP(D57,#REF!,2,0) -> #REF! | Y57: WEW
A58: 57 | B58: W | C58: =VLOOKUP(D58,'lista 1'!$A$2:$F3576,4,0) -> WESOŁEK WIESŁAW | D58: 490 | E58: =VLOOKUP(D58,'lista 1'!$A$2:$F$1802,5,0) -> ASM | F58: =VLOOKUP(G58,'lista obszary'!A:B,2,0) -> IL | G58: E31VA | H58: WROŃSKI ADAM | I58: =VLOOKUP(J58,'lista obszary'!A:B,2,0) -> IL OFFICE | J58: E3000 | K58: WROŃSKI ADAM | L58: 2019-01-14 | P58: zrealizowany | U58: =L58-T58 -> 43479 | X58: =VLOOKUP(D58,#REF!,2,0) -> #REF! | Y58: ZEW PRZED 01.07
A59: 58 | B59: W | C59: =VLOOKUP(D59,'lista 1'!$A$2:$F3577,4,0) -> PODSIADŁY GRZEGORZ | D59: 890 | E59: =VLOOKUP(D59,'lista 1'!$A$2:$F$1802,5,0) -> GRL | F59: =VLOOKUP(G59,'lista obszary'!A:B,2,0) -> IL | G59: E3944 | H59: WESOŁEK WIESŁAW | I59: =VLOOKUP(J59,'lista obszary'!A:B,2,0) -> IL | J59: E318A | K59: HORBACZ KRZYSZTOF | L59: 2019-01-14 | P59: zrealizowany | U59: =L59-T59 -> 43479 | X59: =VLOOKUP(D59,#REF!,2,0) -> #REF! | Y59: =F59=I59 -> TRUE
A60: 59 | B60: W | C60: =VLOOKUP(D60,'lista 1'!$A$2:$F3578,4,0) -> SŁOWIŃSKA-KOCIUMBAS OLGA | D60: 2161 | E60: =VLOOKUP(D60,'lista 1'!$A$2:$F$1802,5,0) -> SENG | F60: =VLOOKUP(G60,'lista obszary'!A:B,2,0) -> QE | G60: F1160 | H60: OLEJNIK PIOTR | I60: =VLOOKUP(J60,'lista obszary'!A:B,2,0) -> QC | J60: F1HSS | K60: FEDOROWICZ ŁUKASZ | L60: 2019-01-14 | P60: zrealizowany | U60: =L60-T60 -> 43479 | X60: =VLOOKUP(D60,#REF!,2,0) -> #REF! | Y60: ZEW PRZED 01.07
A61: 60 | B61: Z | C61: =VLOOKUP(D61,'lista 1'!$A$2:$F3579,4,0) -> OCET URSZULA | D61: 2820 | E61: =VLOOKUP(D61,'lista 1'!$A$2:$F$1802,5,0) -> TM2 | F61: =VLOOKUP(G61,'lista obszary'!A:B,2,0) -> MTB0 | G61: G405A | H61: JANUSZKIEWICZ ZBIGNIEW | I61: =VLOOKUP(J61,'lista obszary'!A:B,2,0) -> HV | J61: V103A | K61: STADNIK MIROSŁAW | L61: 2019-01-14 | P61: zrealizowany | U61: =L61-T61 -> 43479 | X61: =VLOOKUP(D61,#REF!,2,0) -> #REF! | Y61: =F61=I61 -> FALSE
A62: 61 | B62: Z | C62: =VLOOKUP(D62,'lista 1'!$A$2:$F3580,4,0) -> ROGALSKI KRZYSZTOF | D62: 1918 | E62: =VLOOKUP(D62,'lista 1'!$A$2:$F$1802,5,0) -> TM2 | F62: =VLOOKUP(G62,'lista obszary'!A:B,2,0) -> ENGINES | G62: G613A | H62: FITRZYK MARCIN | I62: =VLOOKUP(J62,'lista obszary'!A:B,2,0) -> HV | J62: V1020 | K62: KUBAL PIOTR | L62: 2019-01-14 | P62: zrealizowany | U62: =L62-T62 -> 43479 | X62: =VLOOKUP(D62,#REF!,2,0) -> #REF! | Y62: =F62=I62 -> FALSE
A63: 62 | B63: W | C63: =VLOOKUP(D63,'lista 1'!$A$2:$F3581,4,0) -> #N/A | D63: 64349 | E63: =VLOOKUP(D63,'lista 1'!$A$2:$F$1802,5,0) -> #N/A | F63: =VLOOKUP(G63,'lista obszary'!A:B,2,0) -> HV | G63: V102A | H63: OPALSKI RADOSŁAW | I63: =VLOOKUP(J63,'lista obszary'!A:B,2,0) -> HV | J63: V1020 | K63: MAŁECKI KRZYSZTOF | L63: 2019-01-14 | P63: zrealizowany | U63: =L63-T63 -> 43479 | X63: =VLOOKUP(D63,#REF!,2,0) -> #REF! | Y63: =F63=I63 -> TRUE
A64: 63 | B64: W | C64: =VLOOKUP(D64,'lista 1'!$A$2:$F3582,4,0) -> #N/A | D64: 64348 | E64: =VLOOKUP(D64,'lista 1'!$A$2:$F$1802,5,0) -> #N/A | F64: =VLOOKUP(G64,'lista obszary'!A:B,2,0) -> HV | G64: V102A | H64: OPALSKI RADOSŁAW | I64: =VLOOKUP(J64,'lista obszary'!A:B,2,0) -> HV | J64: V1020 | K64: STADNIK MIROSŁAW | L64: 2019-01-14 | P64: zrealizowany | U64: =L64-T64 -> 43479 | X64: =VLOOKUP(D64,#REF!,2,0) -> #REF! | Y64: =F64=I64 -> TRUE
A65: 64 | B65: W | C65: =VLOOKUP(D65,'lista 1'!$A$2:$F3583,4,0) -> #N/A | D65: 64351 | E65: =VLOOKUP(D65,'lista 1'!$A$2:$F$1802,5,0) -> #N/A | F65: =VLOOKUP(G65,'lista obszary'!A:B,2,0) -> HV | G65: V103A | H65: STADNIK MIROSŁAW | I65: =VLOOKUP(J65,'lista obszary'!A:B,2,0) -> HV | J65: V1020 | K65: KUBAL PIOTR | L65: 2019-01-14 | P65: zrealizowany | U65: =L65-T65 -> 43479 | X65: =VLOOKUP(D65,#REF!,2,0) -> #REF! | Y65: WEW
A66: 65 | B66: W | C66: =VLOOKUP(D66,'lista 1'!$A$2:$F3584,4,0) -> #N/A | D66: 64342 | E66: =VLOOKUP(D66,'lista 1'!$A$2:$F$1802,5,0) -> #N/A | F66: =VLOOKUP(G66,'lista obszary'!A:B,2,0) -> HV | G66: V103A | H66: STADNIK MIROSŁAW | I66: =VLOOKUP(J66,'lista obszary'!A:B,2,0) -> HV | J66: V1020 | K66: STADNIK MIROSŁAW | L66: 2019-01-14 | P66: zrealizowany | U66: =L66-T66 -> 43479 | X66: =VLOOKUP(D66,#REF!,2,0) -> #REF! | Y66: =F66=I66 -> TRUE
A67: 66 | B67: W | C67: =VLOOKUP(D67,'lista 1'!$A$2:$F3585,4,0) -> #N/A | D67: 64350 | E67: =VLOOKUP(D67,'lista 1'!$A$2:$F$1802,5,0) -> #N/A | F67: =VLOOKUP(G67,'lista obszary'!A:B,2,0) -> HV | G67: V103A | H67: STADNIK MIROSŁAW | I67: =VLOOKUP(J67,'lista obszary'!A:B,2,0) -> HV | J67: V1020 | K67: OPALSKI RADOSŁAW | L67: 2019-01-14 | P67: zrealizowany | U67: =L67-T67 -> 43479 | X67: =VLOOKUP(D67,#REF!,2,0) -> #REF! | Y67: =F67=I67 -> TRUE
A68: 67 | B68: W | C68: =VLOOKUP(D68,'lista 1'!$A$2:$F3586,4,0) -> KOLASIŃSKI PAWEŁ | D68: 731 | E68: =VLOOKUP(D68,'lista 1'!$A$2:$F$1802,5,0) -> AC GRL | F68: =VLOOKUP(G68,'lista obszary'!A:B,2,0) -> HV | G68: V103B | H68: MAŁECKI KRZYSZTOF | I68: =VLOOKUP(J68,'lista obszary'!A:B,2,0) -> HV | J68: V1020 | K68: MAŁECKI KRZYSZTOF | L68: 2019-01-14 | P68: zrealizowany | U68: =L68-T68 -> 43479 | X68: =VLOOKUP(D68,#REF!,2,0) -> #REF! | Y68: =F68=I68 -> TRUE
A69: 68 | B69: W | C69: =VLOOKUP(D69,'lista 1'!$A$2:$F3587,4,0) -> KOZIEŁ ADRIANNA | D69: 2583 | E69: TM | F69: =VLOOKUP(G69,'lista obszary'!A:B,2,0) -> MTB0 | G69: G4010 | H69: DEMESZUK KRZYSZTOF | I69: =VLOOKUP(J69,'lista obszary'!A:B,2,0) -> MTB0 | J69: G401B | K69: CZYŻOWSKI MARIUSZ | L69: 2019-02-01 | P69: zrealizowany | U69: =L69-T69 -> 43497 | X69: =VLOOKUP(D69,#REF!,2,0) -> #REF! | Y69: =F69=I69 -> TRUE
A70: 69 | B70: W | C70: =VLOOKUP(D70,'lista 1'!$A$2:$F3588,4,0) -> #N/A | D70: 64377 | E70: =VLOOKUP(D70,'lista 1'!$A$2:$F$1802,5,0) -> #N/A | F70: =VLOOKUP(G70,'lista obszary'!A:B,2,0) -> HV | G70: V1020 | H70: OPALSKI RADOSŁAW | I70: =VLOOKUP(J70,'lista obszary'!A:B,2,0) -> HV | J70: V1020 | K70: STADNIK MIROSŁAW | L70: 2019-02-01 | P70: zrealizowany | U70: =L70-T70 -> 43497 | X70: =VLOOKUP(D70,#REF!,2,0) -> #REF! | Y70: =F70=I70 -> TRUE
A71: 70 | B71: W | C71: =VLOOKUP(D71,'lista 1'!$A$2:$F3589,4,0) -> #N/A | D71: 64373 | E71: =VLOOKUP(D71,'lista 1'!$A$2:$F$1802,5,0) -> #N/A | F71: =VLOOKUP(G71,'lista obszary'!A:B,2,0) -> ENGINES | G71: G614A | H71: BOBROWSKI MIROSŁAW | I71: =VLOOKUP(J71,'lista obszary'!A:B,2,0) -> ENGINES | J71: G613A | K71: SZYMANOWSKI A. | L71: 2019-02-01 | P71: zrealizowany | U71: =L71-T71 -> 43497 | X71: =VLOOKUP(D71,#REF!,2,0) -> #REF! | Y71: WEW
A72: 71 | B72: W | C72: =VLOOKUP(D72,'lista 1'!$A$2:$F3590,4,0) -> #N/A | D72: 64335 | E72: =VLOOKUP(D72,'lista 1'!$A$2:$F$1802,5,0) -> #N/A | F72: =VLOOKUP(G72,'lista obszary'!A:B,2,0) -> ENGINES | G72: G613B | H72: FITRZYK MARCIN | I72: =VLOOKUP(J72,'lista obszary'!A:B,2,0) -> ENGINES | J72: G6010 | K72: ANDRASZ JAROSŁAW | L72: 2019-02-01 | P72: zrealizowany | U72: =L72-T72 -> 43497 | X72: =VLOOKUP(D72,#REF!,2,0) -> #REF! | Y72: WEW
A73: 72 | B73: Z | C73: =VLOOKUP(D73,'lista 1'!$A$2:$F3591,4,0) -> KRÓLICKI MARIUSZ | D73: 1900 | E73: =VLOOKUP(D73,'lista 1'!$A$2:$F$1802,5,0) -> TM MNX | F73: =VLOOKUP(G73,'lista obszary'!A:B,2,0) -> CASTING | G73: G504B | H73: KUBIAK RAFAŁ | I73: =VLOOKUP(J73,'lista obszary'!A:B,2,0) -> MNX TK | J73: G751A | K73: BRĘŚKIEWICZ DARIUSZ | L73: 2019-02-01 | P73: zrealizowany | U73: =L73-T73 -> 43497 | X73: =VLOOKUP(D73,#REF!,2,0) -> #REF! | Y73: ZEW PRZED 01.07
A74: 73 | C74: =VLOOKUP(D74,'lista 1'!$A$2:$F3592,4,0) -> KASPERSKI SŁAWOMIR | D74: 1309 | E74: =VLOOKUP(D74,'lista 1'!$A$2:$F$1802,5,0) -> TM2 | F74: =VLOOKUP(G74,'lista obszary'!A:B,2,0) -> IL | G74: E314B | H74: SALAMON MAREK | I74: =VLOOKUP(J74,'lista obszary'!A:B,2,0) -> IL | J74: E31VB | K74: ZDEB MARCIN | L74: 2019-02-01 | P74: zrealizowany | U74: =L74-T74 -> 43497 | X74: =VLOOKUP(D74,#REF!,2,0) -> #REF! | Y74: WEW
A75: 74 | C75: =VLOOKUP(D75,'lista 1'!$A$2:$F3593,4,0) -> #N/A | D75: 1750 | E75: =VLOOKUP(D75,'lista 1'!$A$2:$F$1802,5,0) -> #N/A | F75: =VLOOKUP(G75,'lista obszary'!A:B,2,0) -> IL | G75: E31VB | H75: ZDEB MARCIN | I75: =VLOOKUP(J75,'lista obszary'!A:B,2,0) -> IL | J75: E31VA | K75: WEISS DARIUSZ | L75: 2019-02-01 | P75: zrealizowany | U75: =L75-T75 -> 43497 | X75: =VLOOKUP(D75,#REF!,2,0) -> #REF! | Y75: WEW
A76: 75 | B76: W | C76: =VLOOKUP(D76,'lista 1'!$A$2:$F3594,4,0) -> FALKENBERG GRZEGORZ | D76: 2593 | E76: =VLOOKUP(D76,'lista 1'!$A$2:$F$1802,5,0) -> AC TL | F76: =VLOOKUP(G76,'lista obszary'!A:B,2,0) -> ENGINES | G76: G611A | H76: BEDNARCZYK ANDRZEJ | I76: =VLOOKUP(J76,'lista obszary'!A:B,2,0) -> ENGINES | J76: G6944 | K76: ANTONIEWICZ ERYK | L76: 2019-02-04 | P76: zrealizowany | U76: =L76-T76 -> 43500 | X76: =VLOOKUP(D76,#REF!,2,0) -> #REF! | Y76: WEW
A77: 76 | B77: Z | C77: =VLOOKUP(D77,'lista 1'!$A$2:$F3595,4,0) -> BASIŃSKA IWONA | D77: 1718 | E77: =VLOOKUP(D77,'lista 1'!$A$2:$F$1802,5,0) -> TM | F77: =VLOOKUP(G77,'lista obszary'!A:B,2,0) -> ENGINES | G77: G6010 | H77: ANDRASZ JAROSŁAW | I77: =VLOOKUP(J77,'lista obszary'!A:B,2,0) -> HV | J77: V1020 | K77: LUBORAK SŁAWOMIR | L77: 2019-02-04 | P77: zrealizowany | U77: =L77-T77 -> 43500 | X77: =VLOOKUP(D77,#REF!,2,0) -> #REF! | Y77: =F77=I77 -> FALSE
A78: 77 | B78: W | C78: =VLOOKUP(D78,'lista 1'!$A$2:$F3596,4,0) -> CZYŻ SYLWESTER | D78: 7 | E78: =VLOOKUP(D78,'lista 1'!$A$2:$F$1802,5,0) -> ASM | F78: =VLOOKUP(G78,'lista obszary'!A:B,2,0) -> ADMINISTRATION & CORPORATE SERVICES | G78: A1300 | H78: GÓRSKI GRZEGORZ | I78: =VLOOKUP(J78,'lista obszary'!A:B,2,0) -> MTB0 OFFICE | J78: G4000 | K78: DEMESZUK KRZYSZTOF | L78: 2019-02-04 | P78: zrealizowany | U78: =L78-T78 -> 43500 | X78: =VLOOKUP(D78,#REF!,2,0) -> #REF! | Y78: ZEW PRZED 01.07
A79: 78 | B79: W | C79: =VLOOKUP(D79,'lista 1'!$A$2:$F3597,4,0) -> KUTRAN IRENEUSZ | D79: 89 | E79: =VLOOKUP(D79,'lista 1'!$A$2:$F$1802,5,0) -> ASM | F79: =VLOOKUP(G79,'lista obszary'!A:B,2,0) -> MTB0 OFFICE | G79: G4000 | H79: DEMESZUK KRZYSZTOF | I79: =VLOOKUP(J79,'lista obszary'!A:B,2,0) -> HV OFFICE | J79: V1000 | K79: KALINOWSKI GRZEGORZ | L79: 2019-02-04 | P79: zrealizowany | U79: =L79-T79 -> 43500 | X79: =VLOOKUP(D79,#REF!,2,0) -> #REF! | Y79: ZEW PRZED 01.07
A80: 79 | B80: W | C80: =VLOOKUP(D80,'lista 1'!$A$2:$F3598,4,0) -> DUTKIEWICZ JOLANTA | D80: 1111 | E80: =VLOOKUP(D80,'lista 1'!$A$2:$F$1802,5,0) -> TM | F80: =VLOOKUP(G80,'lista obszary'!A:B,2,0) -> ENGINES | G80: G612A | H80: SAWUŁA KAMIL | I80: =VLOOKUP(J80,'lista obszary'!A:B,2,0) -> ENGINES | J80: G6010 | K80: ANDRASZ JAROSŁAW | L80: 2019-02-04 | P80: zrealizowany | U80: =L80-T80 -> 43500 | X80: =VLOOKUP(D80,#REF!,2,0) -> #REF! | Y80: WEW
A81: 80 | B81: W | C81: =VLOOKUP(D81,'lista 1'!$A$2:$F3599,4,0) -> GUNIA DARIUSZ | D81: 1980 | E81: =VLOOKUP(D81,'lista 1'!$A$2:$F$1802,5,0) -> TM2 | F81: =VLOOKUP(G81,'lista obszary'!A:B,2,0) -> FORGING | G81: G302A | H81: KOŁOWIECKI SŁAWOMIR | I81: =VLOOKUP(J81,'lista obszary'!A:B,2,0) -> FORGING | J81: G307A | K81: SURMIAK ANDRZEJ | L81: 2019-02-11 | P81: zrealizowany | U81: =L81-T81 -> 43507 | X81: =VLOOKUP(D81,#REF!,2,0) -> #REF! | Y81: =F81=I81 -> TRUE
A82: 81 | B82: W | C82: =VLOOKUP(D82,'lista 1'!$A$2:$F3600,4,0) -> #N/A | D82: 64388 | E82: =VLOOKUP(D82,'lista 1'!$A$2:$F$1802,5,0) -> #N/A | F82: =VLOOKUP(G82,'lista obszary'!A:B,2,0) -> MTB0 | G82: G405B | H82: CZUCZUK PIOTR | I82: =VLOOKUP(J82,'lista obszary'!A:B,2,0) -> MTB0 | J82: G401B | K82: CZYŻOWSKI MARIUSZ | L82: 2019-02-12 | P82: zrealizowany | U82: =L82-T82 -> 43508 | X82: =VLOOKUP(D82,#REF!,2,0) -> #REF! | Y82: WEW
A83: 82 | B83: W | C83: =VLOOKUP(D83,'lista 1'!$A$2:$F3601,4,0) -> #N/A | D83: 70411 | E83: =VLOOKUP(D83,'lista 1'!$A$2:$F$1802,5,0) -> #N/A | F83: =VLOOKUP(G83,'lista obszary'!A:B,2,0) -> ENGINES | G83: G611B | H83: DĄBROWSKI JAROSŁAW | I83: =VLOOKUP(J83,'lista obszary'!A:B,2,0) -> ENGINES | J83: G6010 | K83: ANDRASZ JAROSŁAW | L83: 2019-02-13 | P83: zrealizowany | U83: =L83-T83 -> 43509 | X83: =VLOOKUP(D83,#REF!,2,0) -> #REF! | Y83: WEW
A84: 83 | B84: Z | C84: =VLOOKUP(D84,'lista 1'!$A$2:$F3602,4,0) -> MORUŚ-ADAMEK MARIOLA | D84: 2293 | E84: =VLOOKUP(D84,'lista 1'!$A$2:$F$1802,5,0) -> TM2 | F84: =VLOOKUP(G84,'lista obszary'!A:B,2,0) -> ENGINES | G84: G614A | H84: BOBROWSKI MIROSŁAW | I84: =VLOOKUP(J84,'lista obszary'!A:B,2,0) -> HV | J84: V1020 | K84: OPALSKI RADOSŁAW | L84: 2019-02-18 | P84: zrealizowany | U84: =L84-T84 -> 43514 | X84: =VLOOKUP(D84,#REF!,2,0) -> #REF! | Y84: =F84=I84 -> FALSE
A85: 84 | C85: =VLOOKUP(D85,'lista 1'!$A$2:$F3603,4,0) -> JÓŹWIAKOWSKI MICHAŁ | D85: 1863 | E85: =VLOOKUP(D85,'lista 1'!$A$2:$F$1802,5,0) -> TM2 | F85: =VLOOKUP(G85,'lista obszary'!A:B,2,0) -> EC60 | G85: G801A | H85: KLECHA PRZEMYSŁAW | I85: =VLOOKUP(J85,'lista obszary'!A:B,2,0) -> HV | J85: V1020 | K85: FOLKMAN SEBASTIAN | L85: 2019-02-25 | P85: zrealizowany | U85: =L85-T85 -> 43521 | X85: =VLOOKUP(D85,#REF!,2,0) -> #REF! | Y85: =F85=I85 -> FALSE
A86: 85 | C86: =VLOOKUP(D86,'lista 1'!$A$2:$F3604,4,0) -> KARPIŃSKA SYLWIA | D86: 2949 | E86: =VLOOKUP(D86,'lista 1'!$A$2:$F$1802,5,0) -> TM | F86: =VLOOKUP(G86,'lista obszary'!A:B,2,0) -> EC60 | G86: G801A | H86: KLECHA PRZEMYSŁAW | I86: =VLOOKUP(J86,'lista obszary'!A:B,2,0) -> HV | J86: V1020 | K86: FOLKMAN SEBASTIAN | L86: 2019-02-25 | P86: zrealizowany | U86: =L86-T86 -> 43521 | X86: =VLOOKUP(D86,#REF!,2,0) -> #REF! | Y86: =F86=I86 -> FALSE
A87: 86 | C87: =VLOOKUP(D87,'lista 1'!$A$2:$F3605,4,0) -> #N/A | D87: 64237 | E87: =VLOOKUP(D87,'lista 1'!$A$2:$F$1802,5,0) -> #N/A | F87: =VLOOKUP(G87,'lista obszary'!A:B,2,0) -> EC60 | G87: G801A | H87: KLECHA PRZEMYSŁAW | I87: =VLOOKUP(J87,'lista obszary'!A:B,2,0) -> HV | J87: V1020 | K87: LUBORAK SŁAWOMIR | L87: 2019-02-25 | P87: zrealizowany | U87: =L87-T87 -> 43521 | X87: =VLOOKUP(D87,#REF!,2,0) -> #REF! | Y87: =F87=I87 -> FALSE
A88: 87 | C88: =VLOOKUP(D88,'lista 1'!$A$2:$F3606,4,0) -> #N/A | D88: 64318 | E88: =VLOOKUP(D88,'lista 1'!$A$2:$F$1802,5,0) -> #N/A | F88: =VLOOKUP(G88,'lista obszary'!A:B,2,0) -> EC60 | G88: G801A | H88: KLECHA PRZEMYSŁAW | I88: =VLOOKUP(J88,'lista obszary'!A:B,2,0) -> HV | J88: V1020 | K88: LUBORAK SŁAWOMIR | L88: 2019-02-25 | P88: zrealizowany | U88: =L88-T88 -> 43521 | X88: =VLOOKUP(D88,#REF!,2,0) -> #REF! | Y88: =F88=I88 -> FALSE
A89: 88 | C89: =VLOOKUP(D89,'lista 1'!$A$2:$F3607,4,0) -> KUBIŃSKI ROBERT | D89: 2618 | E89: =VLOOKUP(D89,'lista 1'!$A$2:$F$1802,5,0) -> TM | F89: =VLOOKUP(G89,'lista obszary'!A:B,2,0) -> EC60 | G89: G802A | H89: KOZŁOWSKI TOMASZ | I89: =VLOOKUP(J89,'lista obszary'!A:B,2,0) -> HV | J89: V1020 | K89: OPALSKI RADOSŁAW | L89: 2019-02-25 | P89: zrealizowany | U89: =L89-T89 -> 43521 | X89: =VLOOKUP(D89,#REF!,2,0) -> #REF! | Y89: =F89=I89 -> FALSE
A90: 89 | C90: =VLOOKUP(D90,'lista 1'!$A$2:$F3608,4,0) -> #N/A | D90: 70372 | E90: =VLOOKUP(D90,'lista 1'!$A$2:$F$1802,5,0) -> #N/A | F90: =VLOOKUP(G90,'lista obszary'!A:B,2,0) -> EC60 | G90: G802A | H90: KOZŁOWSKI TOMASZ | I90: =VLOOKUP(J90,'lista obszary'!A:B,2,0) -> HV | J90: V1020 | K90: OPALSKI RADOSŁAW | L90: 2019-02-25 | P90: zrealizowany | U90: =L90-T90 -> 43521 | X90: =VLOOKUP(D90,#REF!,2,0) -> #REF! | Y90: =F90=I90 -> FALSE
A91: 90 | C91: =VLOOKUP(D91,'lista 1'!$A$2:$F3609,4,0) -> BAGAZJA KRZYSZTOF | D91: 574 | E91: =VLOOKUP(D91,'lista 1'!$A$2:$F$1802,5,0) -> TM2 | F91: =VLOOKUP(G91,'lista obszary'!A:B,2,0) -> EC60 | G91: G802A | H91: KOZŁOWSKI TOMASZ | I91: =VLOOKUP(J91,'lista obszary'!A:B,2,0) -> HV | J91: V1020 | K91: KUBAL PIOTR | L91: 2019-02-25 | P91: zrealizowany | U91: =L91-T91 -> 43521 | X91: =VLOOKUP(D91,#REF!,2,0) -> #REF! | Y91: =F91=I91 -> FALSE
A92: 91 | C92: =VLOOKUP(D92,'lista 1'!$A$2:$F3610,4,0) -> ŚWIĘTANOWSKI PIOTR | D92: 2357 | E92: =VLOOKUP(D92,'lista 1'!$A$2:$F$1802,5,0) -> TM2 | F92: =VLOOKUP(G92,'lista obszary'!A:B,2,0) -> EC60 | G92: G803A | H92: BŁASZCZYK ROBERT | I92: =VLOOKUP(J92,'lista obszary'!A:B,2,0) -> HV | J92: V1020 | K92: KUBAL PIOTR | L92: 2019-02-25 | P92: zrealizowany | U92: =L92-T92 -> 43521 | X92: =VLOOKUP(D92,#REF!,2,0) -> #REF! | Y92: =F92=I92 -> FALSE
A93: 92 | C93: =VLOOKUP(D93,'lista 1'!$A$2:$F3611,4,0) -> KRZYŻAŃSKI ARTUR | D93: 2001 | E93: =VLOOKUP(D93,'lista 1'!$A$2:$F$1802,5,0) -> TM2 | F93: =VLOOKUP(G93,'lista obszary'!A:B,2,0) -> EC60 | G93: G801A | H93: KLECHA PRZEMYSŁAW | I93: =VLOOKUP(J93,'lista obszary'!A:B,2,0) -> HV | J93: V1020 | K93: STADNIK MIROSŁAW | L93: 2019-02-25 | P93: zrealizowany | U93: =L93-T93 -> 43521 | X93: =VLOOKUP(D93,#REF!,2,0) -> #REF! | Y93: =F93=I93 -> FALSE
A94: 93 | C94: =VLOOKUP(D94,'lista 1'!$A$2:$F3612,4,0) -> STAWICKI JAROSŁAW | D94: 623 | E94: =VLOOKUP(D94,'lista 1'!$A$2:$F$1802,5,0) -> TM2 | F94: =VLOOKUP(G94,'lista obszary'!A:B,2,0) -> EC60 | G94: G804A | H94: TOKARSKI ARTUR | I94: =VLOOKUP(J94,'lista obszary'!A:B,2,0) -> HV | J94: V1020 | K94: STADNIK MIROSŁAW | L94: 2019-02-25 | P94: zrealizowany | U94: =L94-T94 -> 43521 | X94: =VLOOKUP(D94,#REF!,2,0) -> #REF! | Y94: =F94=I94 -> FALSE
A95: 94 | C95: =VLOOKUP(D95,'lista 1'!$A$2:$F3613,4,0) -> OLSZEWSKI KRZYSZTOF | D95: 810 | E95: =VLOOKUP(D95,'lista 1'!$A$2:$F$1802,5,0) -> TM2 | F95: =VLOOKUP(G95,'lista obszary'!A:B,2,0) -> EC60 | G95: G804A | H95: TOKARSKI ARTUR | I95: =VLOOKUP(J95,'lista obszary'!A:B,2,0) -> HV | J95: V1020 | K95: STADNIK MIROSŁAW | L95: 2019-02-25 | P95: zrealizowany | U95: =L95-T95 -> 43521 | X95: =VLOOKUP(D95,#REF!,2,0) -> #REF! | Y95: =F95=I95 -> FALSE
A96: 95 | C96: =VLOOKUP(D96,'lista 1'!$A$2:$F3614,4,0) -> #N/A | D96: 64289 | E96: =VLOOKUP(D96,'lista 1'!$A$2:$F$1802,5,0) -> #N/A | F96: =VLOOKUP(G96,'lista obszary'!A:B,2,0) -> EC60 | G96: G805A | H96: SZMIDT JANUSZ | I96: =VLOOKUP(J96,'lista obszary'!A:B,2,0) -> HV | J96: V1020 | K96: MAŁECKI KRZYSZTOF | L96: 2019-02-25 | P96: zrealizowany | U96: =L96-T96 -> 43521 | X96: =VLOOKUP(D96,#REF!,2,0) -> #REF! | Y96: =F96=I96 -> FALSE
... A99: 98 | C99: =VLOOKUP(D99,'lista 1'!$A$2:$F3617,4,0) -> KONIEC MARCIN | D99: 2608 | E99: =VLOOKUP(D99,'lista 1'!$A$2:$F$1802,5,0) -> TM2 | F99: =VLOOKUP(G99,'lista obszary'!A:B,2,0) -> EC60 | G99: G805A | H99: SZMIDT JANUSZ | I99: =VLOOKUP(J99,'lista obszary'!A:B,2,0) -> HV | J99: V1020 | K99: MAŁECKI KRZYSZTOF | L99: 2019-02-25 | P99: zrealizowany | U99: =L99-T99 -> 43521 | X99: =VLOOKUP(D99,#REF!,2,0) -> #REF! | Y99: =F99=I99 -> FALSE
A100: 99 | C100: =VLOOKUP(D100,'lista 1'!$A$2:$F3618,4,0) -> ŁOŚ RAFAŁ | D100: 1379 | E100: =VLOOKUP(D100,'lista 1'!$A$2:$F$1802,5,0) -> TL2 | F100: =VLOOKUP(G100,'lista obszary'!A:B,2,0) -> CASTING | G100: G501C | H100: SZEMBERG ARTUR | I100: =VLOOKUP(J100,'lista obszary'!A:B,2,0) -> HV PJT | J100: G5PRO | K100: STASZCZYK DANIEL | L100: 2019-03-01 | U100: =L100-T100 -> 43525 | X100: =VLOOKUP(D100,#REF!,2,0) -> #REF! | Y100: ZEW PRZED 01.07
A101: 100 | B101: Z | C101: =VLOOKUP(D101,'lista 1'!$A$2:$F3619,4,0) -> CZEMARNIK MONIKA | D101: 2212 | E101: =VLOOKUP(D101,'lista 1'!$A$2:$F$1802,5,0) -> TM2 | F101: =VLOOKUP(G101,'lista obszary'!A:B,2,0) -> EC60 | G101: G804A | H101: TOKARSKI ARTUR | I101: =VLOOKUP(J101,'lista obszary'!A:B,2,0) -> QC | J101: F208A | K101: FLEGEL PIOTR | L101: 2019-03-04 | P101: zrealizowany | U101: =L101-T101 -> 43528 | X101: =VLOOKUP(D101,#REF!,2,0) -> #REF! | Y101: ZEW PRZED 01.07
A102: 101 | B102: z | C102: =VLOOKUP(D102,'lista 1'!$A$2:$F3620,4,0) -> GOLEŃ JOANNA | D102: 2399 | E102: =VLOOKUP(D102,'lista 1'!$A$2:$F$1802,5,0) -> TM2 | F102: =VLOOKUP(G102,'lista obszary'!A:B,2,0) -> MTB0 | G102: G403B | H102: HOMEL SEBASTIAN | I102: =VLOOKUP(J102,'lista obszary'!A:B,2,0) -> QC | J102: F20VB | K102: WILUSZ KRZYSZTOF | L102: 2019-03-04 | P102: zrealizowany | U102: =L102-T102 -> 43528 | X102: =VLOOKUP(D102,#REF!,2,0) -> #REF! | Y102: ZEW PRZED 01.07
...

Sheet TRANSFERY od 01.2020
A1: Nazwisko i imię | B1: ID | C1: Stan. | D1: Obszar** | E1: CC | F1: Przełożony | G1: Obszar | H1: CC | I1: Przełożony | J1: Data transferu | K1: komentarz
A2: KOKOCIŃSKI GRZEGORZ | B2: 854 | C2: TM MNX | D2: CASTING | E2: G502A | F2: PARZYCH PIOTR | G2: CASTING | H2: G503B | I2: PASTUSZKA ŁUKASZ | J2: 43831
A3: BIENIEK DARIUSZ | B3: 1994 | C3: TM MNX | D3: CASTING | E3: G502A | F3: ŚLUCZKA TYMOTEUSZ | G3: CASTING | H3: G504C | I3: KUBIAK RAFAŁ | J3: 43831
A4: KUCHARSKA AGATA | B4: 1787 | C4: ASM | D4: ENGINEERING | E4: H1000 | F4: MROZIŃSKI DAMIAN | G4: ENGINEERING | H4: H1000 | I4: MROZIŃSKI DAMIAN | J4: 43831
A5: LECHNIO ZBIGNIEW | B5: 2974 | C5: ENG | D5: ENGINEERING | E5: H1400 | F5: KUCHARSKA AGATA | G5: ENGINEERING | H5: H1800 | I5: KUCHARSKA AGATA | J5: 43831
A6: #N/A | B6: 64311 | C6: TCZ | D6: IL | E6: E31VB | F6: ZDEB MARCIN | G6: IL | H6: E31VA | I6: WEISS DARIUSZ | J6: 43831
A7: SZCZĘSNY RAFAŁ | B7: 422 | C7: TM | D7: IL | E7: E3SVA | F7: WROŃSKI ANDRZEJ | G7: IL | H7: E31VB | I7: ZDEB MARCIN | J7: 43831
A8: WARCHOŁ ANDRZEJ | B8: 407 | C8: ASM | D8: MNX TK | E8: G761B | F8: PICEK KRZYSZTOF | G8: MNX | H8: G7100 | I8: KOWALSKI TOMASZ | J8: 43831
A9: DUDA ROBERT | B9: 815 | C9: TM2 | D9: ENGINES | E9: G613A | F9: SZYMANOWSKI ANDZREJ | G9: MNX DM | H9: G714A | I9: ZIEMNIAK MARCIN | J9: 43831
A10: KMITA MARCIN | B10: 1105 | C10: TL MNX | D10: MNX KP | E10: G731A | F10: ZIAJA PIOTR | G10: MNX KP | H10: G731B | I10: STUS PAWEŁ | J10: 43831
A11: CIEŚLAK ZDZISŁAW | B11: 144 | C11: TL MNX2 | D11: MNX DM | E11: G714A | F11: ZIEMNIAK MARCIN | G11: MNX MW | H11: G718A | I11: KOPEĆ SŁAWOMIR | J11: 43831
A12: CIURA PAWEŁ | B12: 553 | C12: GRL MNX | D12: MNX KP | E12: G731B | F12: STUS PAWEŁ | G12: MNX TK | H12: G761B | I12: PICEK KRZYSZTOF | J12: 43831
A13: STARNAWSKI KRZYSZTOF | B13: 748 | C13: TL MNX | D13: MNX TK | E13: G761B | F13: ANDRZEJ WARCHOŁ | G13: MNX TK | H13: G761A | I13: ROMUALD PUZIAK | J13: 43831
A14: PRZYTOCKI DANIEL | B14: 784 | C14: TL MNX2 | D14: MNX TK | E14: G761D | F14: MARCIN PYŹLAK | G14: MNX TK | H14: G761B | I14: CIURA PAWEŁ | J14: 43831
A15: NOWAK EMIL | B15: 1019 | C15: TM MNX2 | D15: MNX TK | E15: G761D | F15: MARCIN PYŹLAK | G15: MNX TK | H15: G761B | I15: CIURA PAWEŁ | J15: 43831
A16: DZIEDZIC STANISŁAW | B16: 405 | C16: TL MNX2 | D16: MNX TK | E16: G761B | F16: ANDRZEJ WARCHOŁ | G16: MNX TK | H16: G761D | I16: PYŹLAK MARCIN | J16: 43831
A17: JĘCZMIEŃ WIKTOR | B17: 1761 | C17: TM MNX2 | D17: MNX TK | E17: G761A | F17: PUZIAK ROMUALD | G17: MNX TK | H17: G761D | I17: PYŹLAK MARCIN | J17: 43831
A18: STAWIARSKI DANIEL | B18: 1031 | C18: TL MNX | D18: MNX TK | E18: G761A | F18: ROMUALD PUZIAK | G18: MNX TK | H18: G7TN1 | I18: WARCHOŁ ANDRZEJ | J18: 43831
... A20: KREMIENOWSKI MAREK | B20: 886 | C20: TM MNX2 | D20: MNX WN | E20: G711B | F20: ANDRZEJ GOŁEK | G20: MNX WN | H20: G711A | I20: CZARKOWSKI NORBERT | J20: 43831
A21: #N/A | B21: 2125 | C21: #N/A | D21: MNX WN | E21: G7715 | F21: PASTERNAK MARIUSZ | G21: MNX WN | H21: G711C | I21: HORADCZUK | J21: 43831
A22: BARAN WIESŁAW | B22: 453 | C22: TM MNX2 | D22: MNX WN | E22: G711C | F22: HORADCZUK | G22: MNX WN | H22: G7715 | I22: PASTERNAK MARIUSZ | J22: 43831
A23: HOMEL SEBASTIAN | B23: 124 | C23: GRL2 | D23: EPKM | E23: T0001 | F23: MACIEJ KOMORNICZAK | G23: MTB0 | H23: G403B | I23: CZYŻ SYLWESTER | J23: 43831
A24: MAZIAKOWSKI TOMASZ | B24: 1818 | C24: SSPC | D24: PC&PURCHASING | E24: E1300 | F24: HOLA PIOTR | G24: QE | H24: F1ULT | I24: MIARA SEBASTIAN | J24: 43831
A25: FERENC BOGUSŁAW | B25: 669 | C25: TL MNX | D25: MNX WN | E25: G711A | F25: NORBERT CZARKOWSKI | G25: MNX WN | H25: G7HVT | I25: ŁASZEWKI TOMASZ | J25: 43831
A26: KOTOWSKI ARTUR | B26: 1982 | C26: TM MNX | D26: MNX WN | E26: G711A | F26: NORBERT CZARKOWSKI | G26: MNX WN | H26: G7HVT | I26: SŁAWOMIR SACHER | J26: 43831
A27: KLAG GRZEGORZ | B27: 1076 | C27: AC ASM | D27: ENGINEERING | E27: H1SSH | F27: ŁUKASZ SUROWIEC | G27: ENGINEERING | H27: H1HV3 | I27: SUROWIEC ŁUKASZ | J27: 43831
A28: GAŁA WIKTOR | B28: 2177 | C28: ENG | D28: ENGINEERING | E28: H1SSH | F28: ŁUKASZ SUROWIEC | G28: ENGINEERING | H28: H1HV3 | I28: SUROWIEC ŁUKASZ | J28: 43831
A29: SUCHAN TOMASZ | B29: 2763 | C29: SENG | D29: ENGINEERING | E29: H1SSH | F29: ŁUKASZ SUROWIEC | G29: ENGINEERING | H29: H1HV3 | I29: SUROWIEC ŁUKASZ | J29: 43831
A30: WICHA MARIUSZ | B30: 2975 | C30: ENG | D30: ENGINEERING | E30: H1SSH | F30: ŁUKASZ SUROWIEC | G30: ENGINEERING | H30: H1HV3 | I30: SUROWIEC ŁUKASZ | J30: 43831
A31: DUDIAK GRZEGORZ | B31: 276 | C31: TL2 | D31: MTB0 | E31: G401A | F31: KRZYSZTOF PEREK | G31: HV PJT | H31: V201A | I31: CHRZANOWSKI JAROSŁAW | J31: 43831
A32: CABAŁA WIESŁAW | B32: 1562 | C32: AC GRL | D32: EPKM | E32: T0001 | F32: HOMEL SEBASTIAN | G32: HV PJT | H32: V203A | I32: SZUPER TOMASZ | J32: 43831
A33: PARAKIEWICZ PAWEŁ | B33: 839 | C33: TL2 | D33: HV | E33: V103A | F33: KRZYSZTOF MAŁECKI | G33: HV PJT | H33: V203A | I33: SZUPER TOMASZ | J33: 43831
... A51: CZUCZUK PIOTR | B51: 268 | C51: GRL | D51: MTB0 | E51: G404B | F51: CZYŻ SYLWESTER | G51: MTB0 | H51: G405B | I51: SYLWESTER CZYŻ | J51: 43837
A52: OPASAŁA PAWEŁ | B52: 984 | C52: TM2 | D52: EC60 | E52: G803A | F52: BŁASZCZYK ROBERT | G52: #N/A | H52: G830A | I52: MAJCHER PRZEMYSŁAW | J52: 43837
A53: OSMAŃSKI DARIUSZ | B53: 2464 | C53: TM | D53: EC60 | E53: G804A | F53: TOKARSKI ARTUR | G53: #N/A | H53: G830A | I53: MAJCHER PRZEMYSŁAW | J53: 43837
A54: MAŁGORZATA MAZUREK | B54: 70551 | C54: TCZ | D54: MTB0 | E54: G401B | F54: CZYŻOWSKI MARIUSZ | G54: MTB0 | H54: G401A | I54: PEREK KRZYSZTOF | J54: 43839
A55: DANIEL ŚLUSARZ | B55: 70550 | C55: TCZ | D55: MTB0 | E55: G401A | F55: PEREK KRZYSZTOF | G55: MTB0 | H55: G401B | I55: CZYŻOWSKI MARIUSZ | J55: 43839
A56: KOWALIK ARTUR | B56: 1012 | C56: TM2 | D56: CASTING | E56: G501B | F56: PIOTROWSKI WOJCIECH | G56: CASTING | H56: G501A | I56: ŚLUCZKA TYMOTEUSZ | J56: 43843
A57: MARCIŃCZYK PIOTR | B57: 732 | C57: TM2 | D57: CASTING | E57: G501A | F57: ŚLUCZKA TYMOTEUSZ | G57: CASTING | H57: G501B | I57: PIOTROWSKI WOJCIECH | J57: 43843
A58: DANIEL CZYŻ | B58: 70553 | C58: TCZ | D58: CASTING | E58: G501A | F58: ŚLUCZKA TYMOTEUSZ | G58: CASTING | H58: G501C | I58: DAWID KRZYSZTOF | J58: 43843
A59: DĄBROWSKA KATARZYNA | B59: 675 | C59: TM2 | D59: IL | E59: E3SVA | F59: ZIEMNIAK GRZEGORZ | G59: CASTING | H59: E901A | I59: WESOŁEK WIESŁAW | J59: 43843
A60: GOLEŃ JERZY | B60: 2482 | C60: TM2 | D60: IL | E60: E35VA | F60: ZIEMNIAK GRZEGORZ | G60: IL | H60: E112A | I60: WROŃSKI ANDRZEJ | J60: 43843
A61: ZBIERSKI ZDZISŁAW | B61: 1028 | C61: TM | D61: IL | E61: E112B | F61: PODSIEDLIK SEBASTIAN | G61: IL | H61: E112C | I61: GIERCZAK KRZYSZTOF | J61: 43843
A62: BUJ KRZYSZTOF | B62: 627 | C62: TM | D62: ENGINES | E62: G614A | F62: BOBROWSKI MIROSŁAW | G62: ENGINES | H62: G613A | I62: SZYMANOWSKI ANDRZEJ | J62: 43850
A63: PABIS ELŻBIETA | B63: 2313 | C63: TM | D63: ENGINES | E63: G6030 | F63: ANDRASZ JAROSŁAW | G63: ENGINES | H63: G616A | I63: OBOZA MARCIN | J63: 43850
A64: #N/A | B64: 70549 | C64: #N/A | D64: EC60 | E64: G804A | F64: TOKARSKI ARTUR | G64: HV | H64: V102A | I64: CICHOWICZ MARIUSZ | J64: 43850
A65: MONIKA RYBCZYŃSKA | B65: 64500 | C65: TCZ | D65: MTB0 | E65: G405B | F65: CZUCZUK PIOTR | G65: MTB0 | H65: G405A | I65: JANUSZKIEWICZ ZBIGNIEW | J65: 43854
A66: BOBIN PIOTR | B66: 2928 | C66: TM | D66: MTB0 | E66: G401A | F66: PEREK KRZYSZTOF | G66: EC60 | H66: G801A | I66: PIETRUSA DAMIAN | J66: 43857
A67: MATUSIAK AGNIESZKA | B67: 2446 | C67: TM2 | D67: MTB0 | E67: G4030 | F67: DEMESZUK KRZYSZTOF | G67: MTB0 | H67: G405B | I67: CZUCZUK PIOTR | J67: 43857
A68: GÓRKA GERARD | B68: 723 | C68: TL2 | D68: EC60 | E68: G8030 | F68: MAJCHER PRZEMYSŁAW | G68: EC60 | H68: G8PRO | I68: SZKARADEK GRZEGORZ | J68: 43861
A69: WASZKIEWICZ DANIEL | B69: 947 | C69: TL | D69: EC60 | E69: G8030 | F69: MAJCHER PRZEMYSŁAW | G69: EC60 | H69: G8PRO | I69: SZKARADEK GRZEGORZ | J69: 43861
A70: JAKUBANIS DANIEL | B70: 255 | C70: AC TECH | D70: EC60 | E70: G8PRO | F70: SZKARADEK GRZEGORZ | G70: ENGINEERING | H70: H1HV3 | I70: SUROWIEC ŁUKASZ | J70: 43861
A71: NYKIEL ARTUR | B71: 581 | C71: ENG | D71: ENGINEERING | E71: H2400 | F71: FIGIELA ROBERT | G71: ENGINEERING | H71: H2500 | I71: DŻUGAŁA WOJCIECH | J71: 43862
A72: OBOZA MARCIN | B72: 94 | C72: GRL2 | D72: ENGINES | E72: G616A | F72: ANDRASZ JAROSŁAW | G72: TNGA | H72: TN08 | I72: JACHYM ANDRZEJ | J72: 43862
A73: WOŹNIAK SŁAWOMIR | B73: 141 | C73: TM2 | D73: QC | E73: F2SVA | F73: LEPIANKA MARZENA | G73: QC | H73: F2SVB | I73: LEPIANKA MARZENA | J73: 43862
A74: KURNYTA STANISŁAW | B74: 1670 | C74: AC TL | D74: QC | E74: F2SVA | F74: LEPIANKA MARZENA | G74: QC | H74: F2SVC | I74: LEPIANKA MARZENA | J74: 43862
A75: KURNYTA STANISŁAW | B75: 1670 | C75: AC TL | D75: QC | E75: F2SVA | F75: LEPIANKA MARZENA | G75: QC | H75: F2SVC | I75: LEPIANKA MARZENA | J75: 43862
A76: SZAREK DANIEL | B76: 550 | C76: AC TECH | D76: ENGINEERING | E76: H1715 | F76: KUCHARSKA AGATA | G76: ENGINEERING | H76: H1HV3 | I76: SUROWIEC ŁUKASZ | J76: 43862
A77: KRYCH RAFAŁ | B77: 1317 | C77: AC TL | D77: CASTING | E77: G501C | F77: DAWID KRZYSZTOF | G77: CASTING | H77: G501A | I77: ŚLUCZKA TYMOTEUSZ | J77: 43864
A78: #N/A | B78: 70554 | C78: #N/A | D78: EC60 | E78: G805A | F78: SZMIDT JANUSZ | G78: EC60 | H78: G804A | I78: TOKARSKI ARTUR | J78: 43864
A79: HOTLOŚ WOJCIECH | B79: 871 | C79: TM2 | D79: MTB0 | E79: G401B | F79: CZYŻOWSKI MARIUSZ | G79: EC60 | H79: G801A | I79: PIETRUSA DAMIAN | J79: 43864
A80: HOFFMAN PATRYCJUSZ | B80: 2029 | C80: TM2 | D80: MTB0 | E80: G401B | F80: CZYŻOWSKI MARIUSZ | G80: EC60 | H80: G801A | I80: PIETRUSA DAMIAN | J80: 43864
A81: MAREK ROBERT | B81: 3159 | C81: JTM | D81: MTB0 | E81: G404B | F81: CZUCZUK PIOTR | G81: EC60 | H81: G805A | I81: SZMIDT JANUSZ | J81: 43864
A82: #N/A | B82: 64498 | C82: #N/A | D82: T/O COVERAGE | E82: GTCOV | F82: ANDRASZ JAROSŁAW | G82: ENGINES | H82: G611B | I82: DĄBROWSKI J | J82: 43864
A83: #N/A | B83: 64499 | C83: #N/A | D83: T/O COVERAGE | E83: GTCOV | F83: ANDRASZ JAROSŁAW | G83: ENGINES | H83: G613B | I83: FITRZYK MARCIN | J83: 43864
A84: FELINIAK GNIEWKO | B84: 1097 | C84: TM MNX | D84: MTB0 | E84: G404A | F84: JANUSZKIEWICZ ZBIGNIEW | G84: MNX DM | H84: G714B | I84: JURKOWSKI | J84: 43864
A85: CHABROWSKI MARCIN | B85: 2438 | C85: TM2 | D85: HV PJT | E85: V203A | F85: SZUPER TOMASZ | G85: HV PJT | H85: V303A | I85: KOLASIŃSKI | J85: 43864
A86: #N/A | B86: 64358 | C86: #N/A | D86: EC60 | E86: G801A | F86: PIETRUSA D | G86: EC60 | H86: G803A | I86: BŁASZCZYK ROBERT | J86: 43866
A87: #N/A | B87: 70536 | C87: #N/A | D87: IL | E87: E113C | F87: GIERCZAK KRZYSZTOF | G87: HV | H87: V102A | I87: CICHOWICZ MARIUSZ | J87: 43868
A88: SCHNEIDER PAWEŁ | B88: 1521 | C88: AC TL | D88: ENGINES | E88: G6030 | F88: ANDRASZ JAROSŁAW | G88: ENGINES | H88: G611A | I88: BEDNARCZYK ANDRZEJ | J88: 43871
A89: #N/A | B89: 64443 | C89: #N/A | D89: ENGINES | E89: G611A | F89: BEDNARCZYK ANDRZEJ | G89: ENGINES | H89: G612A | I89: SAWUŁA KAMIL | J89: 43871
A90: GŁOGOWSKA MARZENA | B90: 1205 | C90: AC TL | D90: EPKM | E90: T0001 | F90: KAŁUZIŃSKI | G90: HV PJT | H90: HVSS | I90: CHRZANOWSKI JAROSŁAW | J90: 43871
A91: DROŻDŻ GRZEGORZ | B91: 555 | C91: TM2 | D91: FORGING | E91: G307A | F91: SURMIAK ANDRZEJ | G91: HV | H91: V102B | I91: KUBAL PIOTR | J91: 43872
A92: GRUSZECKI GRZEGORZ | B92: 1652 | C92: TM2 | D92: QC | E92: F209A | F92: SZCZEPAŃSKI RAFAŁ | G92: QC | H92: F2SVA | I92: SZCZEPAŃSKI RAFAŁ | J92: 43878
A93: SUDOŁ GRZEGORZ | B93: 197 | C93: TL2 | D93: #N/A | E93: V5PRO | F93: SZYMKÓW PRZEMYSŁAW | G93: #N/A | H93: V5PRO | I93: MAJCHER PRZEMYSŁAW | J93: 43883 | K93: 52
A94: BOREK RAFAŁ | B94: 965 | C94: TL2 | D94: #N/A | E94: V5PRO | F94: SZYMKÓW PRZEMYSŁAW | G94: #N/A | H94: V5PRO | I94: JAMROŻY MARCIN | J94: 43883 | K94: 53
A95: DUDIAK GRZEGORZ | B95: 276 | C95: TL2 | D95: #N/A | E95: V5PRO | F95: SZYMKÓW PRZEMYSŁAW | G95: #N/A | H95: V5PRO | I95: SZYMKÓW PRZEMYSŁAW | J95: 43883 | K95: 54
A96: KRYSZTOFORSKI KRZYSZTOF | B96: 620 | C96: TL2 | D96: #N/A | E96: V5PRO | F96: SZYMKÓW PRZEMYSŁAW | G96: #N/A | H96: V5PRO | I96: SZYMKÓW PRZEMYSŁAW | J96: 43883 | K96: 55
A97: CUPIAŁ SEBASTIAN | B97: 2490 | C97: TL | D97: #N/A | E97: V5PRO | F97: SZYMKÓW PRZEMYSŁAW | G97: #N/A | H97: V5PRO | I97: SZYMKÓW PRZEMYSŁAW | J97: 43883 | K97: 56
A98: MYJAK KRZYSZTOF | B98: 750 | C98: GRL | D98: #N/A | E98: V5PRO | F98: JAMROŻY MARCIN | G98: #N/A | H98: V5PRO | I98: SZYMKÓW PRZEMYSŁAW | J98: 43883 | K98: 57
A99: OGAREK PIOTR | B99: 217 | C99: TL2 | D99: #N/A | E99: V5PRO | F99: MYJAK KRZYSZTOF | G99: #N/A | H99: V5PRO | I99: SZYMKÓW PRZEMYSŁAW | J99: 43883 | K99: 58
A100: JAMROŻY MARCIN | B100: 608 | C100: ASM | D100: #N/A | E100: V5000 | F100: MAJCHER PRZEMYSŁAW | G100: #N/A | H100: V5PRO | I100: SZYMKÓW PRZEMYSŁAW | J100: 43883
A101: SZYMKÓW PRZEMYSŁAW | B101: 33 | C101: GRL2 | D101: #N/A | E101: V5PRO | F101: JAMROŻY MARCIN | G101: #N/A | H101: V5PRO | I101: JAMROŻY MARCIN | J101: 43883
A102: JANOR SZYMON | B102: 198 | C102: TL2 | D102: #N/A | E102: V5PRO | F102: SZYMKÓW PRZEMYSŁAW | G102: #N/A | H102: V5PRO | I102: MYJAK KRZYSZTOF | J102: 43883
A103: TRAPP KRZYSZTOF | B103: 2960 | C103: TM | D103: CASTING | E103: G502B | F103: KOŹMIŃSKI ROMAN | G103: CASTING | H103: G502A | I103: PARZYCH PIOTR | J103: 43885
A104: #N/A | B104: 70547 | C104: #N/A | D104: T/O COVERAGE | E104: GTCOV | F104: ANDRASZ JAROSŁAW | G104: ENGINES | H104: G614A | I104: BOBROWSKI MIROSLAW | J104: 43891
A105: PASTERNAK MARIUSZ | B105: 234 | C105: GRL MNX2 | D105: MNX WN | E105: G7715 | F105: ZĘBEK ANDRZEJ | G105: MNX WN | H105: G715A | I105: ZĘBEK ANDRZEJ | J105: 43891
A106: MEROŃ STEFAN | B106: 367 | C106: TECH MNX | D106: MNX WN | E106: G7715 | F106: PASTERNAK MARIUSZ | G106: MNX WN | H106: G715A | I106: PASTERNAK MARIUSZ | J106: 43891
A107: OSIŃSKI TOMASZ | B107: 887 | C107: STECH MNX | D107: MNX WN | E107: G7715 | F107: PASTERNAK MARIUSZ | G107: MNX WN | H107: G715A | I107: PASTERNAK MARIUSZ | J107: 43891
A108: JAWORSKI ARTUR | B108: 2245 | C108: TM2 | D108: EC60 | E108: G803A | F108: BŁASZCZYK ROBERT | G108: HV PJT | H108: V203A | I108: SZUPER | J108: 43891
A109: GROCHOWSKI RAFAŁ | B109: 1250 | C109: TM2 | D109: HV | E109: V102B | F109: SZYMKÓW PRZEMYSŁAW | G109: HV PJT | H109: V203A | I109: SZUPER TOMASZ | J109: 43891
A110: SKARBIŃSKA ANGELIKA | B110: 1442 | C110: AC TL | D110: MTB0 | E110: G403B | F110: HOMEL SEBASTIAN | G110: HV PJT | H110: V203A | I110: SZUPER TOMASZ | J110: 43891
A111: SKRZYPCZAK KRZYSZTOF | B111: 2057 | C111: TM2 | D111: MTB0 | E111: G405B | F111: CZUCZUK PIOTR | G111: HV PJT | H111: V203A | I111: SZUPER TOMASZ | J111: 43891
A112: GÓRKA GERARD | B112: 723 | C112: TL2 | D112: EC60 | E112: G8PRO | F112: SZKARADEK GRZEGORZ | G112: HV PJT | H112: V302A | I112: KISIEL PIOTR | J112: 43891
A113: MAKSYMOWICZ SEBASTIAN | B113: 188 | C113: TL2 | D113: MTB0 | E113: G405A | F113: JANUSZKIEWICZ ZBIGNIEW | G113: HV PJT | H113: V303A | I113: KOLASIŃSKI | J113: 43891
A114: #N/A | B114: 70563 | C114: #N/A | D114: T/O COVERAGE | E114: GTCOV | F114: PIETRUSA DAMIAN | G114: EC60 | H114: G802A | I114: KOZŁOWSKI TOMASZ | J114: 43892
A115: STEFAŃCZYK BARTOSZ | B115: 3067 | C115: JTM | D115: IL | E115: E31VA | F115: WEISS DARIUSZ | G115: IL | H115: E113A | I115: WROŃSKI ANDRZEJ | J115: 43892
A116: #N/A | B116: 64318 | C116: #N/A | D116: HV | E116: V101A | F116: KARWIK ZBIGNIEW | G116: HV | H116: V101C | I116: LUBORAK SŁAWOMIR | J116: 43892
A117: KAZIMIERSKI SŁAWOMIR | B117: 1505 | C117: AC TL | D117: HV | E117: V101B | F117: FOLKMAN SEBASTIAN | G117: HV PJT | H117: V201A | I117: CHRZANOWSKI JAROSŁAW | J117: 43892
A118: SOKULSKI PAWEŁ | B118: 1522 | C118: TM2 | D118: HV | E118: V101B | F118: FOLKMAN SEBASTIAN | G118: HV PJT | H118: V201A | I118: CHRZANOWSKI JAROSŁAW | J118: 43892
...

Sheet LISTA 12
A1: Numer | B1: Nazwisko | C1: Imię | D1: Kolumna10 | E1: Kolumna10 | F1: Kolumna11 | G1: Przełożony | H1: Naz, Imię
A2: 5 | B2: ANDRASZ | C2: JAROSŁAW | D2: G6000 | E2: G6000 | F2: MNG | G2: FIGZAŁ CEZARY | H2: ANDRASZ JAROSŁAW
A3: 7 | B3: CZYŻ | C3: SYLWESTER | D3: G4000 | E3: G4000 | F3: ASM | G3: DEMESZUK KRZYSZTOF | H3: CZYŻ SYLWESTER
A4: 8 | B4: DEMESZUK | C4: KRZYSZTOF | D4: G4000 | E4: G4000 | F4: MNG | G4: SWAŁTEK BENIAMIN | H4: DEMESZUK KRZYSZTOF
A5: 11 | B5: JAGODZIŃSKI | C5: KAZIMIERZ | D5: G0001 | E5: G0001 | F5: GM | G5: OCZKOWSKI ZBIGNIEW | H5: JAGODZIŃSKI KAZIMIERZ
A6: 13 | B6: OWCARZ | C6: GRZEGORZ | D6: G0700 | E6: G0700 | F6: GM | G6: USAMI SHINJI | H6: OWCARZ GRZEGORZ
A7: 15 | B7: WITOSŁAWSKI | C7: ROMAN | D7: G712B | E7: G712B | F7: GRL MNX2 | G7: PICEK KRZYSZTOF | H7: WITOSŁAWSKI ROMAN
A8: 16 | B8: DRĄG | C8: DARIUSZ | D8: G715A | E8: G715A | F8: TL MNX2 | G8: PASTERNAK MARIUSZ | H8: DRĄG DARIUSZ
A9: 17 | B9: FLEGEL | C9: PIOTR | D9: F208A | E9: F208A | F9: GRL | G9: NOWAKOWSKI PRZEMYSŁAW | H9: FLEGEL PIOTR
A10: 18 | B10: MAJCHER | C10: PRZEMYSŁAW | D10: V1000 | E10: V1000 | F10: MNG | G10: FIGZAŁ CEZARY | H10: MAJCHER PRZEMYSŁAW
A11: 20 | B11: OKOPNIAK | C11: ARTUR | D11: G5000 | E11: G5000 | F11: MNG | G11: SWAŁTEK BENIAMIN | H11: OKOPNIAK ARTUR
A12: 21 | B12: RYŁKO | C12: RYSZARD | D12: G712D | E12: G712D | F12: GRL MNX | G12: PICEK KRZYSZTOF | H12: RYŁKO RYSZARD
A13: 24 | B13: DĘBEK | C13: PAWEŁ | D13: G4000 | E13: G4000 | F13: ASM | G13: DEMESZUK KRZYSZTOF | H13: DĘBEK PAWEŁ
... A25: 51 | B25: CZARKOWSKI | C25: NORBERT | D25: G711A | E25: G711A | F25: GRL MNX | G25: FIGIELA ROBERT | H25: CZARKOWSKI NORBERT
A26: 53 | B26: SZKARADEK | C26: GRZEGORZ | D26: V3000 | E26: V3000 | F26: ASM | G26: JACHYM ANDRZEJ | H26: SZKARADEK GRZEGORZ | L26: Józefiak Roksana | M26: =UPPER(L26) -> JÓZEFIAK ROKSANA
A27: 54 | B27: BADIURA | C27: KRZYSZTOF | D27: G615B | E27: G615B | F27: GRL | G27: URODA PAWEŁ | H27: BADIURA KRZYSZTOF | L27: Olszewska Mariola | M27: =UPPER(L27) -> OLSZEWSKA MARIOLA
A28: 55 | B28: LATAŁA | C28: PIOTR | D28: G201B | E28: G201B | F28: GRL2 | G28: DEMESZUK KRZYSZTOF | H28: LATAŁA PIOTR | L28: Smolarczyk Beata | M28: =UPPER(L28) -> SMOLARCZYK BEATA
A29: 57 | B29: GOŁEK | C29: ANDRZEJ | D29: G7HVT | E29: G7HVT | F29: GRL MNX2 | G29: ZĘBEK ANDRZEJ | H29: GOŁEK ANDRZEJ
A30: 58 | B30: JABŁOŃSKI | C30: GRZEGORZ | D30: G7HV3 | E30: G7HV3 | F30: TL MNX2 | G30: MOLSKI SYLWESTER | H30: JABŁOŃSKI GRZEGORZ
A31: 60 | B31: JACHYM | C31: ANDRZEJ | D31: V0000 | E31: V0000 | F31: AGM | G31: USAMI SHINJI | H31: JACHYM ANDRZEJ
A32: 63 | B32: SROKA | C32: ANNA | D32: A1400 | E32: A1400 | F32: ASM | G32: GÓRSKI GRZEGORZ | H32: SROKA ANNA
A33: 65 | B33: KOPEĆ | C33: SŁAWOMIR | D33: G718A | E33: G718A | F33: GRL | G33: WOJERZ MICHAŁ | H33: KOPEĆ SŁAWOMIR
A34: 67 | B34: SUCHECKI | C34: PRZEMYSŁAW | D34: P3000 | E34: P3000 | F34: GRL2 | G34: KOMORNICZAK MACIEJ | H34: SUCHECKI PRZEMYSŁAW
A35: 68 | B35: NOWAKOWSKI | C35: PRZEMYSŁAW | D35: F2000 | E35: F2000 | F35: ASM | G35: TOCZKO DARIUSZ | H35: NOWAKOWSKI PRZEMYSŁAW
A36: 69 | B36: MUSIAŁ | C36: GRZEGORZ | D36: TN000 | E36: TN000 | F36: ASM | G36: JACHYM ANDRZEJ | H36: MUSIAŁ GRZEGORZ
A37: 70 | B37: WIESZCZECIŃSKI | C37: KRYSTIAN | D37: B5000 | E37: B5000 | F37: GRL | G37: KRÓL MARCIN | H37: WIESZCZECIŃSKI KRYSTIAN
A38: 72 | B38: SMARZYŃSKI | C38: ADAM | D38: G711A | E38: G711A | F38: TM MNX2 | G38: CZARKOWSKI NORBERT | H38: SMARZYŃSKI ADAM
A39: 74 | B39: FIAŁKOWSKI | C39: JACEK | D39: S0001 | E39: S0001 | F39: GRL | G39: BYRA ZBIGNIEW | H39: FIAŁKOWSKI JACEK
A40: 75 | B40: JANKOWSKI | C40: DAMIAN | D40: F2TNA | E40: F2TNA | F40: TL2 | G40: SZCZEPAŃSKI RAFAŁ | H40: JANKOWSKI DAMIAN
... A105: 172 | B105: STADNIK | C105: MIROSŁAW | D105: V103C | E105: V103C | F105: GRL2 | G105: NOWAK BOGDAN | H105: STADNIK MIROSŁAW
A106: 177 | B106: RYCZEK | C106: SEBASTIAN | D106: G307B | E106: G307B | F106: GRL | H106: RYCZEK SEBASTIAN
A107: 179 | B107: JÓZEFIAK | C107: PAWEŁ | D107: B1300 | E107: B1300 | F107: GRL2 | G107: SZUDZIŃSKA MAGDALENA | H107: JÓZEFIAK PAWEŁ
A108: 180 | B108: TOKARSKI | C108: ARTUR | D108: G804A | E108: G804A | F108: GRL | G108: KLECHA PRZEMYSŁAW | H108: TOKARSKI ARTUR
A109: 182 | B109: CHOJNACKI | C109: KRZYSZTOF | D109: G616B | E109: G616B | F109: GRL | G109: URODA PAWEŁ | H109: CHOJNACKI KRZYSZTOF
A110: 185 | B110: MALINOWSKI | C110: MARIUSZ | D110: E31VA | E110: E31VA | F110: TL | G110: WEISS DARIUSZ | H110: MALINOWSKI MARIUSZ
A111: 187 | B111: KWIATKOWSKI | C111: RAFAŁ | D111: V203A | E111: V203A | F111: TL | G111: SZUPER TOMASZ | H111: KWIATKOWSKI RAFAŁ
A112: 188 | B112: MAKSYMOWICZ | C112: SEBASTIAN | D112: V303A | E112: V303A | F112: TL2 | G112: KOLASIŃSKI PAWEŁ | H112: MAKSYMOWICZ SEBASTIAN
A113: 189 | B113: PODSIEDLIK | C113: SEBASTIAN | D113: E113B | E113: E113B | F113: GRL | G113: WESOŁEK WIESŁAW | H113: PODSIEDLIK SEBASTIAN
A114: 190 | B114: SURMIAK | C114: ANDRZEJ | D114: G3000 | E114: G3000 | F114: AC ASM | G114: PIWOWARCZYK MARCIN | H114: SURMIAK ANDRZEJ
A115: 191 | B115: KROPIEWNICKI | C115: KRZYSZTOF | D115: V102C | E115: V102C | F115: TL | G115: OPALSKI RADOSŁAW | H115: KROPIEWNICKI KRZYSZTOF
A116: 193 | B116: WOWK | C116: PAWEŁ | D116: G615A | E116: G615A | F116: TL | G116: KACZMAREK WŁODZIMIERZ | H116: WOWK PAWEŁ
A117: 195 | B117: DRUŻGA | C117: MARIUSZ | D117: TN07A | E117: TN07A | F117: TL | G117: KOZŁOWSKI TOMASZ | H117: DRUŻGA MARIUSZ
A118: 196 | B118: PRZYBYLSKI | C118: ARTUR | D118: E113A | E118: E113A | F118: TL | G118: WROŃSKI ANDRZEJ | H118: PRZYBYLSKI ARTUR
... A232: 390 | B232: FITRZYK | C232: MARCIN | D232: G613B | E232: G613B | F232: GRL | G232: URODA PAWEŁ | H232: FITRZYK MARCIN
A233: 391 | B233: WYPYCH | C233: KONRAD | D233: G802B | E233: G802B | F233: TL2 | H233: WYPYCH KONRAD
A234: 393 | B234: MATWIEJCZUK | C234: ANDRZEJ | D234: V102C | E234: V102C | F234: TM2 | G234: OPALSKI RADOSŁAW | H234: MATWIEJCZUK ANDRZEJ
A235: 400 | B235: BYRA | C235: ZBIGNIEW | D235: T0000 | E235: T0000 | F235: ASM | G235: FIDLER JAROSŁAW | H235: BYRA ZBIGNIEW
A236: 402 | B236: SWAŁTEK | C236: BENIAMIN | D236: G0350 | E236: G0350 | F236: AGM | G236: FIGZAŁ CEZARY | H236: SWAŁTEK BENIAMIN
A237: 405 | B237: DZIEDZIC | C237: STANISŁAW | D237: G761D | E237: G761D | F237: TL MNX2 | G237: CIURA PAWEŁ | H237: DZIEDZIC STANISŁAW
A238: 406 | B238: PYŹLAK | C238: MARCIN | D238: G761B | E238: G761B | F238: GRL MNX | G238: WARCHOŁ ANDRZEJ | H238: PYŹLAK MARCIN
A239: 407 | B239: WARCHOŁ | C239: ANDRZEJ | D239: H1TN0 | E239: H1TN0 | F239: ASM | G239: KOWALSKI TOMASZ | H239: WARCHOŁ ANDRZEJ
A240: 408 | B240: MILEWSKI | C240: RADOSŁAW | D240: F20VC | E240: F20VC | F240: TL | G240: WILUSZ KRZYSZTOF | H240: MILEWSKI RADOSŁAW
A241: 411 | B241: KOWALIK | C241: RAFAŁ | D241: D1100 | E241: D1100 | F241: ASM | G241: GRESZTA PIOTR | H241: KOWALIK RAFAŁ
A242: 412 | B242: KUBIAK | C242: RAFAŁ | D242: G503C | E242: G503C | F242: GRL MNX2 | G242: WESOŁOWSKI WOJCIECH | H242: KUBIAK RAFAŁ
A243: 413 | B243: MAŁECKI | C243: MACIEJ | D243: V103A | E243: V103A | F243: AC TL | G243: MAŁECKI KRZYSZTOF | H243: MAŁECKI MACIEJ
A244: 414 | B244: CYDZIK | C244: JAROSŁAW | D244: G751B | E244: G751B | F244: GRL MNX2 | G244: DŻUGAŁA WOJCIECH | H244: CYDZIK JAROSŁAW
A245: 416 | B245: PARZYCH | C245: PIOTR | D245: G502B | E245: G502B | F245: GRL2 | G245: SZEMBERG ARTUR | H245: PARZYCH PIOTR
... A1657: 3270 | B1657: BOBOWSKI | C1657: MATEUSZ | D1657: G711C | E1657: G711C | F1657: JTM MNX | G1657: SACHER SŁAWOMIR | H1657: BOBOWSKI MATEUSZ
A1658: 50231 | B1658: MIKOŁAJCZAK | C1658: DARIUSZ | D1658: Z0000 | E1658: Z0000 | F1658: PRS | H1658: MIKOŁAJCZAK DARIUSZ
A1659: 64454 | B1659: ŁOŚ | C1659: RADOSŁAW | D1659: E316A | E1659: E316A | F1659: TCZ | G1659: UMER KRZYSZTOF | H1659: ŁOŚ RADOSŁAW
A1660: 64456 | B1660: TOBIASZ | C1660: MATEUSZ | D1660: G612B | E1660: G612B | F1660: TCZ | G1660: ANTONIEWICZ ERYK | H1660: TOBIASZ MATEUSZ
A1661: 64458 | B1661: RYMAROWICZ | C1661: PAULINA | D1661: G612B | E1661: G612B | F1661: TCZ | G1661: ANTONIEWICZ ERYK | H1661: RYMAROWICZ PAULINA
A1662: 64460 | B1662: DWORNICZEK | C1662: BARBARA | D1662: G612A | E1662: G612A | F1662: TCZ | G1662: SAWUŁA KAMIL | H1662: DWORNICZEK BARBARA
A1663: 64461 | B1663: KUKUŁKA | C1663: GRZEGORZ | D1663: G402A | E1663: G402A | F1663: TCZ | G1663: BORYSEWICZ PIOTR | H1663: KUKUŁKA GRZEGORZ
A1664: 64463 | B1664: SERBEŃSKI | C1664: MARCIN | D1664: G404A | E1664: G404A | F1664: TCZ | G1664: MARGAS PIOTR | H1664: SERBEŃSKI MARCIN
A1665: 64464 | B1665: SOBOTA | C1665: ROBERT | D1665: E314A | E1665: E314A | F1665: TCZ | G1665: UMER KRZYSZTOF | H1665: SOBOTA ROBERT
A1666: 64466 | B1666: PRYSTUPA | C1666: PATRYK | D1666: G401A | E1666: G401A | F1666: TCZ | G1666: CHMIELNICKI JACEK | H1666: PRYSTUPA PATRYK
A1667: 64467 | B1667: WARCHOŁ | C1667: PATRYK | D1667: G401A | E1667: G401A | F1667: TCZ | G1667: CHMIELNICKI JACEK | H1667: WARCHOŁ PATRYK
A1668: 64468 | B1668: KAZIMIERSKA | C1668: MAGDALENA | D1668: V301A | E1668: V301A | F1668: TCZ | G1668: TUMIDAJEWICZ RAFAŁ | H1668: KAZIMIERSKA MAGDALENA
A1669: 64469 | B1669: ROMAN | C1669: ANNA | D1669: V101A | E1669: V101A | F1669: TCZ | G1669: KARWIK ZBIGNIEW | H1669: ROMAN ANNA
A1670: 64472 | B1670: SZUPER | C1670: ELŻBIETA | D1670: V201A | E1670: V201A | F1670: TCZ | G1670: CHRZANOWSKI JAROSŁAW | H1670: SZUPER ELŻBIETA
... A1763: 64610 | B1763: SKROMNIUK | C1763: ALEKS | D1763: G614B | E1763: G614B | F1763: TCZ | G1763: GRZESIK MARCIN | H1763: SKROMNIUK ALEKS
A1764: 64613 | B1764: ZELEK | C1764: MATEUSZ | D1764: GTCOV | E1764: GTCOV | F1764: TCZ | H1764: ZELEK MATEUSZ
A1765: 64614 | B1765: KAŁUŻNA | C1765: WERONIKA | D1765: GTCOV | E1765: GTCOV | F1765: TCZ | G1765: KARWIK ZBIGNIEW | H1765: KAŁUŻNA WERONIKA
A1766: 64615 | B1766: WĘGRZYNOWSKI | C1766: KRZYSZTOF | D1766: G615B | E1766: G615B | F1766: TCZ | G1766: BADIURA KRZYSZTOF | H1766: WĘGRZYNOWSKI KRZYSZTOF
A1767: 64616 | B1767: WOŁOSZCZUK | C1767: BEATA | D1767: G612B | E1767: G612B | F1767: TCZ | G1767: ANTONIEWICZ ERYK | H1767: WOŁOSZCZUK BEATA
A1768: 64617 | B1768: TARNACKA | C1768: JOANNA | D1768: G615B | E1768: G615B | F1768: TCZ | G1768: BADIURA KRZYSZTOF | H1768: TARNACKA JOANNA
A1769: 64619 | B1769: KĘDZIOR | C1769: MARIA | D1769: V103A | E1769: V103A | F1769: TCZ | G1769: MAŁECKI KRZYSZTOF | H1769: KĘDZIOR MARIA
A1770: 64620 | B1770: SKLORZ | C1770: DOMINIKA | D1770: V103C | E1770: V103C | F1770: TCZ | G1770: STADNIK MIROSŁAW | H1770: SKLORZ DOMINIKA
A1771: 64621 | B1771: SOCHACKA | C1771: DOMINIKA | D1771: V201A | E1771: V201A | F1771: TCZ | G1771: CHRZANOWSKI JAROSŁAW | H1771: SOCHACKA DOMINIKA
A1772: 64622 | B1772: SAJNÓG | C1772: KATARZYNA | D1772: V202A | E1772: V202A | F1772: TCZ | G1772: GŁÓD ARTUR | H1772: SAJNÓG KATARZYNA
A1773: 64623 | B1773: MAKOWSKI | C1773: WIKTOR | D1773: V203A | E1773: V203A | F1773: TCZ | G1773: SZUPER TOMASZ | H1773: MAKOWSKI WIKTOR
A1774: 64624 | B1774: NOWAK | C1774: IWONA | D1774: G611B | E1774: G611B | F1774: TCZ | G1774: STOKŁOSA SEBASTIAN | H1774: NOWAK IWONA
A1775: 64625 | B1775: SYCHOWSKA | C1775: MARTA | D1775: G611A | E1775: G611A | F1775: TCZ | G1775: HOŁDONOWICZ MARCIN | H1775: SYCHOWSKA MARTA
A1776: 64626 | B1776: OLSZANOWSKA | C1776: JUSTYNA | D1776: V201A | E1776: V201A | F1776: TCZ | G1776: CHRZANOWSKI JAROSŁAW | H1776: OLSZANOWSKA JUSTYNA
... A1930: 70653 | B1930: SHKREBTII | C1930: ROMAN | D1930: GTCOV | E1930: GTCOV | F1930: TCZ | G1930: ANTONIEWICZ ERYK | H1930: SHKREBTII ROMAN
A1931: 70654 | B1931: IVANYTSKA | C1931: OLESIA | D1931: GTCOV | E1931: GTCOV | F1931: TCZ | H1931: IVANYTSKA OLESIA
A1932: 70655 | B1932: JAWORNICKI | C1932: ANDRZEJ | D1932: E3V3A | E1932: E3V3A | F1932: TCZ | G1932: HORBACZ KRZYSZTOF | H1932: JAWORNICKI ANDRZEJ
A1933: 70656 | B1933: BAZARNIK | C1933: ROBERT | D1933: E3V3A | E1933: E3V3A | F1933: TCZ | G1933: HORBACZ KRZYSZTOF | H1933: BAZARNIK ROBERT
A1934: 70657 | B1934: SZUPLEWSKI | C1934: MARCIN | D1934: G611A | E1934: G611A | F1934: TCZ | G1934: HOŁDONOWICZ MARCIN | H1934: SZUPLEWSKI MARCIN
A1935: 70658 | B1935: BORCZYK | C1935: PATRYK | D1935: G401B | E1935: G401B | F1935: TCZ | G1935: CZYŻOWSKI MARIUSZ | H1935: BORCZYK PATRYK
A1936: 70659 | B1936: GÓRECKA | C1936: AGNIESZKA | D1936: G401B | E1936: G401B | F1936: TCZ | G1936: CZYŻOWSKI MARIUSZ | H1936: GÓRECKA AGNIESZKA
A1937: 70661 | B1937: KWIECIEŃ | C1937: MARIUSZ | D1937: E113C | E1937: E113C | F1937: TCZ | G1937: ZDEB MARCIN | H1937: KWIECIEŃ MARIUSZ
A1938: 70662 | B1938: MATUSZEWSKI | C1938: MICHAŁ | D1938: G616A | E1938: G616A | F1938: TCZ | G1938: CEBULA IRENEUSZ | H1938: MATUSZEWSKI MICHAŁ
A1939: 70663 | B1939: HUDAK | C1939: PATRYK | D1939: G611A | E1939: G611A | F1939: TCZ | G1939: HOŁDONOWICZ MARCIN | H1939: HUDAK PATRYK
A1940: 70664 | B1940: LOZOVYK | C1940: SERHII | D1940: G7TN1 | E1940: G7TN1 | F1940: TCZ | G1940: WARCHOŁ ANDRZEJ | H1940: LOZOVYK SERHII
A1941: 70665 | B1941: WOSAK | C1941: PATRYK | D1941: G403A | E1941: G403A | F1941: TCZ | G1941: BORYSEWICZ PIOTR | H1941: WOSAK PATRYK
A1942: 70666 | B1942: ZADURA | C1942: KAMIL | D1942: G405B | E1942: G405B | F1942: TCZ | G1942: CZUCZUK PIOTR | H1942: ZADURA KAMIL
A1943: 70667 | B1943: FASTOVETS | C1943: VIKTOR | D1943: G404A | E1943: G404A | F1943: TCZ | G1943: MARGAS PIOTR | H1943: FASTOVETS VIKTOR
... A2012: 70738 | B2012: LECYK | C2012: ANNA | D2012: V201A | E2012: V201A | F2012: TCZ | G2012: CHRZANOWSKI JAROSŁAW | H2012: LECYK ANNA
...

Sheet lista 1
A1: Numer | B1: Nazwisko | C1: Imię | D1: =B1&" "&C1 -> Nazwisko Imię | E1: Stanowisko
A2: 2 | B2: MIKOŁAJCZAK | C2: DARIUSZ | D2: MIKOŁAJCZAK DARIUSZ | E2: DIR
A3: 5 | B3: ANDRASZ | C3: JAROSŁAW | D3: ANDRASZ JAROSŁAW | E3: MNG
A4: 7 | B4: CZYŻ | C4: SYLWESTER | D4: CZYŻ SYLWESTER | E4: ASM
A5: 8 | B5: DEMESZUK | C5: KRZYSZTOF | D5: DEMESZUK KRZYSZTOF | E5: MNG
A6: 11 | B6: JAGODZIŃSKI | C6: KAZIMIERZ | D6: JAGODZIŃSKI KAZIMIERZ | E6: GM
A7: 13 | B7: OWCARZ | C7: GRZEGORZ | D7: OWCARZ GRZEGORZ | E7: GM
A8: 15 | B8: WITOSŁAWSKI | C8: ROMAN | D8: WITOSŁAWSKI ROMAN | E8: GRL MNX2
A9: 16 | B9: DRĄG | C9: DARIUSZ | D9: DRĄG DARIUSZ | E9: TL MNX2
A10: 17 | B10: FLEGEL | C10: PIOTR | D10: FLEGEL PIOTR | E10: GRL
A11: 18 | B11: MAJCHER | C11: PRZEMYSŁAW | D11: MAJCHER PRZEMYSŁAW | E11: MNG
A12: 20 | B12: OKOPNIAK | C12: ARTUR | D12: OKOPNIAK ARTUR | E12: MNG
A13: 21 | B13: RYŁKO | C13: RYSZARD | D13: RYŁKO RYSZARD | E13: GRL MNX
... A2043: 70768 | B2043: AVILOVA | C2043: OLENA | D2043: AVILOVA OLENA | E2043: TCZ

Sheet lista 3
A1: CC | B1: Obszar
A2: 1 | B2: TEEM | C2: TEEM
A3: 2 | B3: TEEM | C3: TEEM
A4: 3 | B4: MANPOWER SHARING | C4: MNX
A5: 4 | B5: MANPOWER SHARING | C5: MNX
A6: A1100 | B6: CORPORATE AFFAIRS | C6: OFFICE
A7: A1200 | B7: PURCHASING | C7: OFFICE
A8: A1400 | B8: ADMINISTRATION & CORPORATE SERVICES | C8: OFFICE
A9: AR11A | B9: ARTO- SPECIAL KAIZEN TEAM | C9: ARTO
A10: AR11B | B10: ARTO- SPECIAL KAIZEN TEAM | C10: ARTO
A11: AR11C | B11: ARTO- SPECIAL KAIZEN TEAM | C11: ARTO
A12: AR41A | C12: ARTO
A13: AR41B | C13: ARTO
A14: AR41C | C14: ARTO
A15: AR42A | C15: ARTO
A16: AR42B | C16: ARTO
A17: AR42C | C17: ARTO
A18: AR43A | C18: ARTO
A19: AR43B | B19: ARTO - Karakuri | C19: ARTO - Karakuri
A20: AR43C | B20: ARTO - Kakuato | C20: ARTO - Kakuato
A21: ART00 | B21: ARTO- SPECIAL KAIZEN TEAM - GENERAL | C21: ARTO
A22: B1000 | B22: HUMAN RESOURCES | C22: OFFICE
A23: B1300 | B23: EMPLOYEES RELATIONS | C23: OFFICE
A24: B1400 | B24: COMPENSATION, BENEFITS & SYSTEMS | C24: OFFICE
A25: B3000 | B25: HR DEVELOPMENT | C25: OFFICE
A26: B3100 | B26: ORGANISATION DEVELOPMENT | C26: OFFICE
A27: B3200 | B27: TRAINING | C27: OFFICE
A28: B5000 | B28: TRADE UNION | C28: OFFICE
A29: C1000 | B29: ACCOUNTING & FINANCE GENERAL | C29: OFFICE
A30: C1100 | B30: ACCOUNTING | C30: OFFICE
... A118: G0146 | B118: Production Management | C118: Production
B119: Production Management | C119: Production
A120: V101A | C120: Hybrid
A121: V101B | C121: Hybrid
A122: V101C | C122: Hybrid | H122: V1000 | I122: HV OFFICE | J122: OFFICE
A123: V102A | C123: Hybrid | H123: V1020 | I123: HV | J123: HV TRAINING
A124: V102B | C124: Hybrid | H124: V103A | I124: HV | J124: Hybrid
A125: V102C | C125: Hybrid | H125: V102A | I125: HV | J125: Hybrid
A126: V103A | C126: Hybrid | H126: V101A | I126: HV | J126: Hybrid
A127: V103B | C127: Hybrid | H127: G5PRO | I127: HV PJT | J127: Hybrid
A128: V103C | C128: Hybrid | H128: G5HVT | I128: HV | J128: Katahozen
A129: V201A | C129: Hybrid | H129: G7HVT | I129: MNX WN | J129: MNX
A130: V202A | C130: Hybrid | H130: G0146 | I130: Production Management | J130: Production
A131: V203A | C131: Hybrid | H131: V101A | I131: HV | J131: Hybrid
A132: E31VC | C132: IL | H132: V101B | I132: HV | J132: Hybrid
A133: E31VB | C133: IL | H133: V101C | I133: HV | J133: Hybrid
A134: V2020 | B134: HV TRAINING | C134: HV TRAINING | H134: V102A | I134: HV | J134: Hybrid
A135: V2030 | B135: HV KAIZEN | C135: HV KAIZEN | H135: V102B | I135: HV | J135: Hybrid
A136: V1000 | B136: HV OFFICE | C136: OFFICE | H136: V102C | I136: HV | J136: Hybrid
A137: V1020 | B137: HV | C137: HV TRAINING | H137: V103A | I137: HV | J137: Hybrid
A138: V103A | B138: HV | C138: Hybrid | H138: V103B | I138: HV | J138: Hybrid
A139: V102A | B139: HV | C139: Hybrid | H139: V103C | I139: HV | J139: Hybrid
A140: V101A | B140: HV | C140: Hybrid | H140: V1030 | I140: HV | J140: Hybrid
A141: G5PRO | B141: HV PJT | C141: Hybrid | H141: V201A | I141: HV PJT | J141: Hybrid
A142: G5HVT | B142: HV | C142: Katahozen | H142: V201B | I142: HV PJT | J142: Hybrid
A143: G7HVT | B143: MNX WN | C143: MNX | H143: V202A | I143: HV PJT | J143: Hybrid
A144: G0146 | B144: Production Management | C144: Production | H144: V202B | I144: HV PJT | J144: Hybrid
A145: V101A | B145: HV | C145: Hybrid | H145: V203A | I145: HV PJT | J145: Hybrid
A146: V101B | B146: HV | C146: Hybrid | H146: V203B | I146: HV PJT | J146: Hybrid
A147: V101C | B147: HV | C147: Hybrid
A148: V102A | B148: HV | C148: Hybrid
A149: V102B | B149: HV | C149: Hybrid
A150: V102C | B150: HV | C150: Hybrid
A151: V103A | B151: HV | C151: Hybrid
A152: V103B | B152: HV | C152: Hybrid
A153: V103C | B153: HV | C153: Hybrid
A154: V1030 | B154: HV | C154: Hybrid
A155: V201A | B155: HV PJT | C155: Hybrid
A156: V201B | B156: HV PJT | C156: Hybrid
A157: V202A | B157: HV PJT | C157: Hybrid
A158: V202B | B158: HV PJT | C158: Hybrid
... A160: V203B | B160: HV PJT | C160: Hybrid
A161: V301A
A218: G201A | B218: HEAT TREATMENT SHIFT YELLOW | C218: MTB
A219: G201B | B219: HEAT TREATMENT SHIFT BLUE | C219: MTB
A220: G201C | B220: HEAT TREATMENT SHIFT GREEN | C220: MTB
A221: G201D | B221: HEAT TREATMENT SHIFT RED | C221: MTB
A222: G3000 | B222: FORGING & SINTERING | C222: Forging
A223: G301A | B223: GEAR BLANK SHIFT YELLOW | C223: Forging
A224: G301B | B224: GEAR BLANK SHIFT BLUE | C224: Forging
A225: G301C | B225: GEAR BLANK SHIFT GREEN | C225: Forging
A226: G3020 | B226: FORGING SHOP TRAINING | C226: Forging
A227: G302A | B227: SINTERING SHIFT YELLOW | C227: Forging
A228: G302B | B228: SINTERING SHIFT BLUE | C228: Forging
A229: G302C | B229: SINTERING SHIFT GREEN | C229: Forging
... A433: G901C | B433: DMMD | C433: DMC

Sheet lista obszary
A1: CC | B1: Obszar | C1: ee
A2: 3 | B2: MANPOWER SHARING | C2: MNX
A3: 4 | B3: MANPOWER SHARING | C3: MNX
A4: A1100 | B4: ADMINISTRATION & CORPORATE SERVICES | C4: OFFICE
A5: A1200 | B5: PC&PURCHASING | C5: OFFICE
A6: A1300 | B6: ADMINISTRATION & CORPORATE SERVICES | C6: OFFICE
A7: A1400 | B7: ADMINISTRATION & CORPORATE SERVICES | C7: OFFICE
A8: AR11A | B8: ARTO | C8: ARTO
A9: AR11B | B9: ARTO | C9: ARTO
A10: AR11C | B10: ARTO | C10: ARTO
A11: AR41A | B11: ARTO | C11: ARTO
A12: AR41B | B12: ARTO | C12: ARTO
A13: AR41C | B13: ARTO | C13: ARTO
A14: AR42A | B14: ARTO | C14: ARTO
A15: AR42B | B15: ARTO | C15: ARTO
... A354: G901C | B354: CASTING | C354: DMC
A355: G0350 | B355: Production Management
A356: G0001 | B356: Production Management
A357: G7715 | B357: MNX WN
A358: F1HSS | B358: QC
A359: G6994 | B359: ENGINES
A360: F25VA | B360: QC
A361: E3715 | B361: IL
A362: TNGA | B362: TNGA
A363: A1000 | B363: ADMINISTRATION & CORPORATE SERVICES | C363: OFFICE
A364: A1500 | B364: GA CP
A365: C0000
A366: E0000
A367: E3TNA | B367: IL
A368: F1TN1 | B368: QE
A369: F2SVB | B369: QC
A370: F2SVC | B370: QC
A371: F2TNA | B371: QC
A372: G0700
A373: G7HV3 | B373: MNX WN
A374: G7TN1 | B374: MNX TK
A375: H1100 | B375: ENGINEERING | C375: OFFICE
A376: H1HV3 | B376: ENGINEERING | C376: OFFICE
A377: H1TNO | B377: ENGINEERING | C377: OFFICE
A378: H1TN1 | B378: ENGINEERING | C378: OFFICE
A379: H2PRO | B379: ENGINEERING | C379: OFFICE
A380: H2TN1 | B380: ENGINEERING | C380: OFFICE
A381: H2V10 | B381: ENGINEERING | C381: OFFICE
A382: TN000 | B382: TNGA
A383: TN01A | B383: TNGA
A384: TN01 | B384: TNGA
A385: TN03A | B385: TNGA
A386: TN04A | B386: TNGA
A387: TN05A | B387: TNGA
A388: TN05 | B388: TNGA
A389: TN08 | B389: TNGA
A390: TN07A | B390: TNGA
A391: TN08A | B391: TNGA
A392: TN09A | B392: TNGA
A393: V0000 | B393: HV | C393: Hybrid
A394: V1010 | B394: HV | C394: Hybrid
A395: V2020 | B395: HV | C395: Hybrid
A396: V301A | B396: HV PJT | C396: Hybrid
A397: V302A | B397: HV PJT | C397: Hybrid
A398: V303A | B398: HV PJT | C398: Hybrid
A399: V3000 | B399: HV PJT | C399: Hybrid
A400: HVSS | B400: HV PJT | C400: Hybrid
A401: F1HVTT | B401: QE
A402: G7HV1A | B402: MNX WN
A403: E35VA | B403: IL
A404: F2715 | B404: QC
